school_id,year,school_year_label,school_name_raw,school_id_outcome,municipality,county,municipality_code_raw,county_code_raw,organisation_number_raw,subject_code_raw,subject_name_raw,boy_grade_raw,girl_grade_raw,boy_count_raw,girl_count_raw,boy_grade,girl_grade,boy_count,girl_count,boy_grade_suppressed,girl_grade_suppressed,boy_count_suppressed,girl_count_suppressed,treatment_year_raw,first_treat_year_raw_clean,first_treat_year,ever_treated,gvar,post,flex,event_time,cohort_label,studentgrade_boy,studentgrade_girl,population,higher_education_share,high_income_household_share_750k_plus,unrestricted_revenues_per_capita,ssb12993_region_code,ssb12993_region_label,teacher_pls_total_teachers_n,teacher_pls_full_time_teachers_n,teacher_pls_full_time_share_pct,teacher_pls_share_long_teacher_education_pct,teacher_pls_share_short_teacher_education_pct,teacher_pls_share_with_teacher_education_pct,teacher_pls_share_with_other_educational_science_pct,teacher_pls_share_without_educational_science_pct,teacher_pls_share_upper_secondary_pct,teacher_pls_share_with_pedagogical_education_pct,ssb12919_region_code,ssb12919_region_label,teacher_all_total_teachers_n,teacher_all_share_with_teacher_education_pct,teacher_all_share_with_other_educational_science_pct,teacher_all_share_with_educational_science_pct,teacher_all_share_without_educational_science_pct,teacher_all_share_upper_secondary_or_less_pct
Alta ungdomskole,2007,2007-08,Alta ungdomsskole,Alta ungdomsskole,Alta ( - 2019),Finnmark - Finnmárku ( - 2019),2012,20,874065102,MAT0010,Matematikk 10. årstrinn,3.6,3.7,55,55,3.6,3.7,55.0,55.0,False,False,False,False,2017,2017,2017,1,2017,0,-10.0,-10.0,Cohort 2017,3.6,3.7,18090,25.8,10.0,,,,,,,,,,,,,,,,,,,,,
Alta ungdomskole,2008,2008-09,Alta ungdomsskole,Alta ungdomsskole,Alta ( - 2019),Finnmark - Finnmárku ( - 2019),2012,20,874065102,MAT0010,Matematikk 10. årstrinn,3.1,3.3,67,63,3.1,3.3,67.0,63.0,False,False,False,False,2017,2017,2017,1,2017,0,-9.0,-9.0,Cohort 2017,3.1,3.3,18272,26.5,14.0,,,,,,,,,,,,,,,,,,,,,
Alta ungdomskole,2009,2009-10,Alta ungdomsskole,Alta ungdomsskole,Alta ( - 2019),Finnmark - Finnmárku ( - 2019),2012,20,874065102,MAT0010,Matematikk 10. årstrinn,3.4,3.6,70,59,3.4,3.6,70.0,59.0,False,False,False,False,2017,2017,2017,1,2017,0,-8.0,-8.0,Cohort 2017,3.4,3.6,18488,26.9,14.0,,,,,,,,,,,,,,,,,,,,,
Alta ungdomskole,2010,2010-11,Alta ungdomsskole,Alta ungdomsskole,Alta ( - 2019),Finnmark - Finnmárku ( - 2019),2012,20,874065102,MAT0010,Matematikk 10. årstrinn,3.3,3.6,66,69,3.3,3.6,66.0,69.0,False,False,False,False,2017,2017,2017,1,2017,0,-7.0,-7.0,Cohort 2017,3.3,3.6,18680,27.5,17.0,,,,,,,,,,,,,,,,,,,,,
Alta ungdomskole,2011,2011-12,Alta ungdomsskole,Alta ungdomsskole,Alta ( - 2019),Finnmark - Finnmárku ( - 2019),2012,20,874065102,MAT0010,Matematikk 10. årstrinn,3.2,3.2,69,53,3.2,3.2,69.0,53.0,False,False,False,False,2017,2017,2017,1,2017,0,-6.0,-6.0,Cohort 2017,3.2,3.2,19071,27.9,20.0,,,,,,,,,,,,,,,,,,,,,
Alta ungdomskole,2012,2012-13,Alta ungdomsskole,Alta ungdomsskole,Alta ( - 2019),Finnmark - Finnmárku ( - 2019),2012,20,874065102,MAT0010,Matematikk 10. årstrinn,3,3.1,77,74,3.0,3.1,77.0,74.0,False,False,False,False,2017,2017,2017,1,2017,0,-5.0,-5.0,Cohort 2017,3.0,3.1,19282,28.3,22.0,,,,,,,,,,,,,,,,,,,,,
Alta ungdomskole,2013,2013-14,Alta ungdomsskole,Alta ungdomsskole,Alta ( - 2019),Finnmark - Finnmárku ( - 2019),2012,20,874065102,MAT0010,Matematikk 10. årstrinn,3.4,3.5,71,61,3.4,3.5,71.0,61.0,False,False,False,False,2017,2017,2017,1,2017,0,-4.0,-4.0,Cohort 2017,3.4,3.5,19646,28.5,26.0,,,,,,,,,,,,,,,,,,,,,
Alta ungdomskole,2014,2014-15,Alta ungdomsskole,Alta ungdomsskole,Alta ( - 2019),Finnmark - Finnmárku ( - 2019),2012,20,874065102,MAT0010,Matematikk 10. årstrinn,3.2,3.1,85,86,3.2,3.1,85.0,86.0,False,False,False,False,2017,2017,2017,1,2017,0,-3.0,-3.0,Cohort 2017,3.2,3.1,19822,29.4,27.0,,,,,,,,,,,,,,,,,,,,,
Alta ungdomskole,2015,2015-16,Alta ungdomsskole,Alta ungdomsskole,Alta ( - 2019),Finnmark - Finnmárku ( - 2019),2012,20,874065102,MAT0010,Matematikk 10. årstrinn,3,3.4,64,82,3.0,3.4,64.0,82.0,False,False,False,False,2017,2017,2017,1,2017,0,-2.0,-2.0,Cohort 2017,3.0,3.4,19898,29.8,29.0,56189.0,20,Finnmark - Finnmárku (-2019),1502.0,1110.0,73.90146471371504,4.92676431424767,68.44207723035952,73.36884154460719,11.318242343541945,5.725699067909454,9.587217043941411,84.68708388814915,EKA20,Finnmark Finnmárk (-2019),1527.0,71.25081859855926,10.870988867059594,82.12180746561886,8.120497707924033,9.757694826457106
Alta ungdomskole,2016,2016-17,Alta ungdomsskole,Alta ungdomsskole,Alta ( - 2019),Finnmark - Finnmárku ( - 2019),2012,20,874065102,MAT0010,Matematikk 10. årstrinn,3,3.5,71,63,3.0,3.5,71.0,63.0,False,False,False,False,2017,2017,2017,1,2017,0,-1.0,-1.0,Cohort 2017,3.0,3.5,20097,30.5,30.0,58791.0,20,Finnmark - Finnmárku (-2019),1469.0,1135.0,77.26344452008169,6.262763784887679,67.46085772634444,73.72362151123212,10.959836623553437,5.786249149081008,9.530292716133424,84.68345813478557,EKA20,Finnmark Finnmárk (-2019),1491.0,71.5627095908786,10.663983903420524,82.22669349429913,8.048289738430583,9.725016767270288
Alta ungdomskole,2017,2017-18,Alta ungdomsskole,Alta ungdomsskole,Alta ( - 2019),Finnmark - Finnmárku ( - 2019),2012,20,874065102,MAT0010,Matematikk 10. årstrinn,3.9,4,76,81,3.9,4.0,76.0,81.0,False,False,False,False,2017,2017,2017,1,2017,1,0.0,0.0,Cohort 2017,3.9,4.0,20446,31.1,32.0,60557.0,20,Finnmark - Finnmárku (-2019),1451.0,1132.0,78.01516195727085,7.443142660234321,66.09235010337699,73.5354927636113,11.09579600275672,6.547208821502412,8.821502412129565,84.63128876636802,EKA20,Finnmark Finnmárk (-2019),1476.0,71.2059620596206,10.569105691056912,81.77506775067751,9.281842818428185,8.94308943089431
Alta ungdomskole,2018,2018-19,Alta ungdomsskole,Alta ungdomsskole,Alta ( - 2019),Finnmark - Finnmárku ( - 2019),2012,20,874065102,MAT0010,Matematikk 10. årstrinn,3,3.6,62,65,3.0,3.6,62.0,65.0,False,False,False,False,2017,2017,2017,1,2017,1,1.0,1.0,Cohort 2017,3.0,3.6,20635,31.6,34.0,62475.0,20,Finnmark - Finnmárku (-2019),1428.0,1120.0,78.43137254901961,8.473389355742297,65.33613445378151,73.80952380952381,10.994397759103641,5.812324929971989,9.38375350140056,84.80392156862744,EKA20,Finnmark Finnmárk (-2019),1471.0,70.8361658735554,10.265125764785859,81.10129163834127,9.177430319510536,9.7212780421482
Alta ungdomskole,2019,2019-20,Alta ungdomsskole,Alta ungdomsskole,Alta ( - 2019),Finnmark - Finnmárku ( - 2019),2012,20,874065102,MAT0010,Matematikk 10. årstrinn,3.4,3.2,70,51,3.4,3.2,70.0,51.0,False,False,False,False,2017,2017,2017,1,2017,1,2.0,2.0,Cohort 2017,3.4,3.2,20665,32.1,36.0,64700.0,20,Finnmark - Finnmárku (-2019),1405.0,1115.0,79.35943060498221,10.462633451957295,64.98220640569396,75.44483985765125,10.391459074733095,4.839857651245551,9.323843416370106,85.83629893238434,EKA20,Finnmark Finnmárk (-2019),1459.0,71.28169979437972,9.732693625771075,81.01439342015078,9.252912954078136,9.732693625771075
Alta ungdomskole,2020,2020-21,Alta ungdomsskole,Alta ungdomsskole,Alta (2020 - 2023),Troms og Finnmark - Romsa ja Finnmárku - Tromssa ja Finmarkku (2020 - 2023),5403,54,874065102,MAT0010,Matematikk 10. årstrinn,3.3,3.7,71,58,3.3,3.7,71.0,58.0,False,False,False,False,2017,2017,2017,1,2017,1,3.0,3.0,Cohort 2017,3.3,3.7,20789,32.4,37.0,66746.0,54,Troms og Finnmark - Romsa ja Finnmárku (2020-2023),4124.0,3000.0,72.74490785645004,14.03976721629486,60.96023278370514,75.0,10.66925315227934,5.140640155189137,9.190106692531524,85.66925315227934,EKA54,Troms og Finnmark - Romsa ja Finnmárku (2020-2023),4063.0,74.9938469111494,9.968003937976864,84.96185084912626,4.77479694806793,10.263352202805809
Fedje skule,2009,2009-10,Fedje skule,Fedje skule,Fedje ( - 2019),Hordaland ( - 2019),1265,12,974575523,MAT0010,Matematikk 10. årstrinn,*,*,*,*,,,,,True,True,True,True,Before 2017,2016,2016,1,2016,0,-7.0,-7.0,Cohort 2016,,,596,18.0,14.0,,,,,,,,,,,,,,,,,,,,,
Fedje skule,2010,2010-11,Fedje skule,Fedje skule,Fedje ( - 2019),Hordaland ( - 2019),1265,12,974575523,MAT0010,Matematikk 10. årstrinn,3.5,4.3,6,6,3.5,4.3,6.0,6.0,False,False,False,False,Before 2017,2016,2016,1,2016,0,-6.0,-6.0,Cohort 2016,3.5,4.3,594,17.9,19.0,,,,,,,,,,,,,,,,,,,,,
Fedje skule,2011,2011-12,Fedje skule,Fedje skule,Fedje ( - 2019),Hordaland ( - 2019),1265,12,974575523,MAT0010,Matematikk 10. årstrinn,*,*,*,*,,,,,True,True,True,True,Before 2017,2016,2016,1,2016,0,-5.0,-5.0,Cohort 2016,,,587,18.2,17.0,,,,,,,,,,,,,,,,,,,,,
Fedje skule,2012,2012-13,Fedje skule,Fedje skule,Fedje ( - 2019),Hordaland ( - 2019),1265,12,974575523,MAT0010,Matematikk 10. årstrinn,*,*,*,*,,,,,True,True,True,True,Before 2017,2016,2016,1,2016,0,-4.0,-4.0,Cohort 2016,,,576,18.0,23.0,,,,,,,,,,,,,,,,,,,,,
Finnsnes ungdomskole,2007,2007-08,Finnsnes ungdomsskole,Finnsnes ungdomsskole,Lenvik ( - 2019),Troms - Romsa ( - 2019),1931,19,875290762,MAT0010,Matematikk 10. årstrinn,2.9,3.2,34,21,2.9,3.2,34.0,21.0,False,False,False,False,2016,2016,2016,1,2016,0,-9.0,-9.0,Cohort 2016,2.9,3.2,11027,17.5,7.0,,,,,,,,,,,,,,,,,,,,,
Finnsnes ungdomskole,2008,2008-09,Finnsnes ungdomsskole,Finnsnes ungdomsskole,Lenvik ( - 2019),Troms - Romsa ( - 2019),1931,19,875290762,MAT0010,Matematikk 10. årstrinn,3.6,3,28,21,3.6,3.0,28.0,21.0,False,False,False,False,2016,2016,2016,1,2016,0,-8.0,-8.0,Cohort 2016,3.6,3.0,11160,18.1,10.0,,,,,,,,,,,,,,,,,,,,,
Finnsnes ungdomskole,2009,2009-10,Finnsnes ungdomsskole,Finnsnes ungdomsskole,Lenvik ( - 2019),Troms - Romsa ( - 2019),1931,19,875290762,MAT0010,Matematikk 10. årstrinn,2.8,3,32,25,2.8,3.0,32.0,25.0,False,False,False,False,2016,2016,2016,1,2016,0,-7.0,-7.0,Cohort 2016,2.8,3.0,11207,18.8,9.0,,,,,,,,,,,,,,,,,,,,,
Finnsnes ungdomskole,2010,2010-11,Finnsnes ungdomsskole,Finnsnes ungdomsskole,Lenvik ( - 2019),Troms - Romsa ( - 2019),1931,19,875290762,MAT0010,Matematikk 10. årstrinn,3.3,2.8,43,28,3.3,2.8,43.0,28.0,False,False,False,False,2016,2016,2016,1,2016,0,-6.0,-6.0,Cohort 2016,3.3,2.8,11243,19.1,12.0,,,,,,,,,,,,,,,,,,,,,
Finnsnes ungdomskole,2011,2011-12,Finnsnes ungdomsskole,Finnsnes ungdomsskole,Lenvik ( - 2019),Troms - Romsa ( - 2019),1931,19,875290762,MAT0010,Matematikk 10. årstrinn,3,3.4,45,44,3.0,3.4,45.0,44.0,False,False,False,False,2016,2016,2016,1,2016,0,-5.0,-5.0,Cohort 2016,3.0,3.4,11294,19.6,14.0,,,,,,,,,,,,,,,,,,,,,
Finnsnes ungdomskole,2012,2012-13,Finnsnes ungdomsskole,Finnsnes ungdomsskole,Lenvik ( - 2019),Troms - Romsa ( - 2019),1931,19,875290762,MAT0010,Matematikk 10. årstrinn,3,3.1,42,36,3.0,3.1,42.0,36.0,False,False,False,False,2016,2016,2016,1,2016,0,-4.0,-4.0,Cohort 2016,3.0,3.1,11345,20.200000000000003,17.0,,,,,,,,,,,,,,,,,,,,,
Finnsnes ungdomskole,2013,2013-14,Finnsnes ungdomsskole,Finnsnes ungdomsskole,Lenvik ( - 2019),Troms - Romsa ( - 2019),1931,19,875290762,MAT0010,Matematikk 10. årstrinn,3,3.7,36,33,3.0,3.7,36.0,33.0,False,False,False,False,2016,2016,2016,1,2016,0,-3.0,-3.0,Cohort 2016,3.0,3.7,11455,20.6,19.0,,,,,,,,,,,,,,,,,,,,,
Finnsnes ungdomskole,2014,2014-15,Finnsnes ungdomsskole,Finnsnes ungdomsskole,Lenvik ( - 2019),Troms - Romsa ( - 2019),1931,19,875290762,MAT0010,Matematikk 10. årstrinn,3.2,3.7,47,28,3.2,3.7,47.0,28.0,False,False,False,False,2016,2016,2016,1,2016,0,-2.0,-2.0,Cohort 2016,3.2,3.7,11557,21.3,22.0,,,,,,,,,,,,,,,,,,,,,
Finnsnes ungdomskole,2015,2015-16,Finnsnes ungdomsskole,Finnsnes ungdomsskole,Lenvik ( - 2019),Troms - Romsa ( - 2019),1931,19,875290762,MAT0010,Matematikk 10. årstrinn,3.5,3.4,47,44,3.5,3.4,47.0,44.0,False,False,False,False,2016,2016,2016,1,2016,0,-1.0,-1.0,Cohort 2016,3.5,3.4,11535,21.6,24.0,56322.0,19,Troms - Romsa (-2019),2674.0,1856.0,69.4091249065071,5.983545250560957,70.86761406133134,76.85115931189229,9.536275243081525,4.973821989528796,8.638743455497382,86.38743455497382,EKA19,Troms - Romsa (-2019),2619.0,75.67773959526536,9.278350515463918,84.95609011072929,6.643757159221077,8.400152730049637
Finnsnes ungdomskole,2016,2016-17,Finnsnes ungdomsskole,Finnsnes ungdomsskole,Lenvik ( - 2019),Troms - Romsa ( - 2019),1931,19,875290762,MAT0010,Matematikk 10. årstrinn,2.9,3.5,43,38,2.9,3.5,43.0,38.0,False,False,False,False,2016,2016,2016,1,2016,1,0.0,0.0,Cohort 2016,2.9,3.5,11618,22.4,25.0,58405.0,19,Troms - Romsa (-2019),2692.0,1899.0,70.54234769687965,7.392273402674592,68.23922734026746,75.63150074294205,9.583952451708768,4.86627043090639,9.918276374442794,85.21545319465082,EKA19,Troms - Romsa (-2019),2620.0,74.61832061068702,9.31297709923664,83.93129770992367,6.8320610687022905,9.236641221374047
Finnsnes ungdomskole,2017,2017-18,Finnsnes ungdomsskole,Finnsnes ungdomsskole,Lenvik ( - 2019),Troms - Romsa ( - 2019),1931,19,875290762,MAT0010,Matematikk 10. årstrinn,3.7,4,46,45,3.7,4.0,46.0,45.0,False,False,False,False,2016,2016,2016,1,2016,1,1.0,1.0,Cohort 2016,3.7,4.0,11697,22.5,26.0,60380.0,19,Troms - Romsa (-2019),2720.0,1907.0,70.11029411764706,9.375,66.50735294117646,75.88235294117646,9.558823529411764,5.257352941176471,9.301470588235293,85.44117647058823,EKA19,Troms - Romsa (-2019),2666.0,74.56864216054014,9.264816204051012,83.83345836459115,7.351837959489872,8.81470367591898
Finnsnes ungdomskole,2018,2018-19,Finnsnes ungdomsskole,Finnsnes ungdomsskole,Lenvik ( - 2019),Troms - Romsa ( - 2019),1931,19,875290762,MAT0010,Matematikk 10. årstrinn,3.4,4,48,39,3.4,4.0,48.0,39.0,False,False,False,False,2016,2016,2016,1,2016,1,2.0,2.0,Cohort 2016,3.4,4.0,11644,23.1,28.0,61452.0,19,Troms - Romsa (-2019),2744.0,1926.0,70.18950437317784,11.18804664723032,63.84839650145773,75.03644314868805,9.693877551020408,5.174927113702624,10.09475218658892,84.73032069970844,EKA19,Troms - Romsa (-2019),2679.0,73.60955580440462,9.40649496080627,83.0160507652109,7.316162747293767,9.667786487495334
Fjell ungdomsskole,2007,2007-08,Fjell ungdomsskule,Fjell ungdomsskule,Fjell ( - 2019),Hordaland ( - 2019),1246,12,975287629,MAT0010,Matematikk 10. årstrinn,3.5,3.5,67,69,3.5,3.5,67.0,69.0,False,False,False,False,2017,2017,2017,1,2017,0,-10.0,-10.0,Cohort 2017,3.5,3.5,20791,21.0,15.0,,,,,,,,,,,,,,,,,,,,,
Fjell ungdomsskole,2008,2008-09,Fjell ungdomsskule,Fjell ungdomsskule,Fjell ( - 2019),Hordaland ( - 2019),1246,12,975287629,MAT0010,Matematikk 10. årstrinn,3.4,3.6,86,71,3.4,3.6,86.0,71.0,False,False,False,False,2017,2017,2017,1,2017,0,-9.0,-9.0,Cohort 2017,3.4,3.6,21207,21.5,20.0,,,,,,,,,,,,,,,,,,,,,
Fjell ungdomsskole,2009,2009-10,Fjell ungdomsskule,Fjell ungdomsskule,Fjell ( - 2019),Hordaland ( - 2019),1246,12,975287629,MAT0010,Matematikk 10. årstrinn,3.8,3.9,91,94,3.8,3.9,91.0,94.0,False,False,False,False,2017,2017,2017,1,2017,0,-8.0,-8.0,Cohort 2017,3.8,3.9,21507,22.200000000000003,21.0,,,,,,,,,,,,,,,,,,,,,
Fjell ungdomsskole,2010,2010-11,Fjell ungdomsskule,Fjell ungdomsskule,Fjell ( - 2019),Hordaland ( - 2019),1246,12,975287629,MAT0010,Matematikk 10. årstrinn,3.1,3.7,91,64,3.1,3.7,91.0,64.0,False,False,False,False,2017,2017,2017,1,2017,0,-7.0,-7.0,Cohort 2017,3.1,3.7,21823,22.7,23.0,,,,,,,,,,,,,,,,,,,,,
Fjell ungdomsskole,2011,2011-12,Fjell ungdomsskule,Fjell ungdomsskule,Fjell ( - 2019),Hordaland ( - 2019),1246,12,975287629,MAT0010,Matematikk 10. årstrinn,3.4,3.3,80,81,3.4,3.3,80.0,81.0,False,False,False,False,2017,2017,2017,1,2017,0,-6.0,-6.0,Cohort 2017,3.4,3.3,22220,23.3,26.0,,,,,,,,,,,,,,,,,,,,,
Fjell ungdomsskole,2012,2012-13,Fjell ungdomsskule,Fjell ungdomsskule,Fjell ( - 2019),Hordaland ( - 2019),1246,12,975287629,MAT0010,Matematikk 10. årstrinn,3.1,3.3,72,81,3.1,3.3,72.0,81.0,False,False,False,False,2017,2017,2017,1,2017,0,-5.0,-5.0,Cohort 2017,3.1,3.3,22720,23.8,30.0,,,,,,,,,,,,,,,,,,,,,
Fjell ungdomsskole,2013,2013-14,Fjell ungdomsskule,Fjell ungdomsskule,Fjell ( - 2019),Hordaland ( - 2019),1246,12,975287629,MAT0010,Matematikk 10. årstrinn,3.7,3.4,90,68,3.7,3.4,90.0,68.0,False,False,False,False,2017,2017,2017,1,2017,0,-4.0,-4.0,Cohort 2017,3.7,3.4,23277,24.2,33.0,,,,,,,,,,,,,,,,,,,,,
Fjell ungdomsskole,2014,2014-15,Fjell ungdomsskule,Fjell ungdomsskule,Fjell ( - 2019),Hordaland ( - 2019),1246,12,975287629,MAT0010,Matematikk 10. årstrinn,3.3,3.6,59,71,3.3,3.6,59.0,71.0,False,False,False,False,2017,2017,2017,1,2017,0,-3.0,-3.0,Cohort 2017,3.3,3.6,23852,25.200000000000003,35.0,,,,,,,,,,,,,,,,,,,,,
Fjell ungdomsskole,2015,2015-16,Fjell ungdomsskule,Fjell ungdomsskule,Fjell ( - 2019),Hordaland ( - 2019),1246,12,975287629,MAT0010,Matematikk 10. årstrinn,3.1,3.7,68,63,3.1,3.7,68.0,63.0,False,False,False,False,2017,2017,2017,1,2017,0,-2.0,-2.0,Cohort 2017,3.1,3.7,24427,25.700000000000003,36.0,46500.0,12,Hordaland (-2019),7206.0,4896.0,67.94338051623647,5.648071051901193,72.49514293644185,78.14321398834305,11.004718290313628,4.968082153760755,5.883985567582569,89.14793227865667,EKA12,Hordaland (-2019),7255.0,73.96278428669882,10.117160578911095,84.07994486560992,9.386629910406615,6.53342522398346
Fjell ungdomsskole,2016,2016-17,Fjell ungdomsskule,Fjell ungdomsskule,Fjell ( - 2019),Hordaland ( - 2019),1246,12,975287629,MAT0010,Matematikk 10. årstrinn,3.2,3.4,61,85,3.2,3.4,61.0,85.0,False,False,False,False,2017,2017,2017,1,2017,0,-1.0,-1.0,Cohort 2017,3.2,3.4,24870,26.3,35.0,48359.0,12,Hordaland (-2019),7315.0,5062.0,69.20027341079972,6.315789473684211,72.27614490772386,78.59193438140807,10.608339029391662,5.495557074504443,5.304169514695831,89.20027341079972,EKA12,Hordaland (-2019),7371.0,74.18260751594084,9.781576448243115,83.96418396418397,9.917243250576584,6.118572785239452
Fjell ungdomsskole,2017,2017-18,Fjell ungdomsskule,Fjell ungdomsskule,Fjell ( - 2019),Hordaland ( - 2019),1246,12,975287629,MAT0010,Matematikk 10. årstrinn,3.5,3.6,80,91,3.5,3.6,80.0,91.0,False,False,False,False,2017,2017,2017,1,2017,1,0.0,0.0,Cohort 2017,3.5,3.6,25204,26.9,37.0,48965.0,12,Hordaland (-2019),7413.0,5174.0,69.79630379063806,6.5560501821125055,72.07608255766897,78.63213273978147,10.805341966815055,5.004721435316336,5.557803858087144,89.43747470659652,EKA12,Hordaland (-2019),7452.0,74.54374664519592,9.98389694041868,84.5276435856146,9.420289855072465,6.052066559312936
Fjell ungdomsskole,2018,2018-19,Fjell ungdomsskule,Fjell ungdomsskule,Fjell ( - 2019),Hordaland ( - 2019),1246,12,975287629,MAT0010,Matematikk 10. årstrinn,3.6,4,70,94,3.6,4.0,70.0,94.0,False,False,False,False,2017,2017,2017,1,2017,1,1.0,1.0,Cohort 2017,3.6,4.0,25725,27.200000000000003,38.0,50269.0,12,Hordaland (-2019),7501.0,5336.0,71.13718170910546,7.012398346887082,71.35048660178643,78.36288494867351,10.878549526729769,4.8793494200773235,5.879216104519398,89.24143447540328,EKA12,Hordaland (-2019),7496.0,74.4530416221985,10.08537886872999,84.53842049092849,9.231590181430096,6.229989327641409
Gibostad barne-og ungdomsskole,2007,2007-08,Gibostad barne- og ungdomsskole,Gibostad barne- og ungdomsskole,Lenvik ( - 2019),Troms - Romsa ( - 2019),1931,19,975285383,MAT0010,Matematikk 10. årstrinn,3.9,3.9,8,7,3.9,3.9,8.0,7.0,False,False,False,False,2016,2016,2016,1,2016,0,-9.0,-9.0,Cohort 2016,3.9,3.9,11027,17.5,7.0,,,,,,,,,,,,,,,,,,,,,
Gibostad barne-og ungdomsskole,2008,2008-09,Gibostad barne- og ungdomsskole,Gibostad barne- og ungdomsskole,Lenvik ( - 2019),Troms - Romsa ( - 2019),1931,19,975285383,MAT0010,Matematikk 10. årstrinn,3.6,3.4,7,11,3.6,3.4,7.0,11.0,False,False,False,False,2016,2016,2016,1,2016,0,-8.0,-8.0,Cohort 2016,3.6,3.4,11160,18.1,10.0,,,,,,,,,,,,,,,,,,,,,
Gibostad barne-og ungdomsskole,2009,2009-10,Gibostad barne- og ungdomsskole,Gibostad barne- og ungdomsskole,Lenvik ( - 2019),Troms - Romsa ( - 2019),1931,19,975285383,MAT0010,Matematikk 10. årstrinn,,*,,*,,,,,False,True,False,True,2016,2016,2016,1,2016,0,-7.0,-7.0,Cohort 2016,,,11207,18.8,9.0,,,,,,,,,,,,,,,,,,,,,
Gibostad barne-og ungdomsskole,2010,2010-11,Gibostad barne- og ungdomsskole,Gibostad barne- og ungdomsskole,Lenvik ( - 2019),Troms - Romsa ( - 2019),1931,19,975285383,MAT0010,Matematikk 10. årstrinn,*,*,*,*,,,,,True,True,True,True,2016,2016,2016,1,2016,0,-6.0,-6.0,Cohort 2016,,,11243,19.1,12.0,,,,,,,,,,,,,,,,,,,,,
Gibostad barne-og ungdomsskole,2011,2011-12,Gibostad barne- og ungdomsskole,Gibostad barne- og ungdomsskole,Lenvik ( - 2019),Troms - Romsa ( - 2019),1931,19,975285383,MAT0010,Matematikk 10. årstrinn,2.6,4.5,8,8,2.6,4.5,8.0,8.0,False,False,False,False,2016,2016,2016,1,2016,0,-5.0,-5.0,Cohort 2016,2.6,4.5,11294,19.6,14.0,,,,,,,,,,,,,,,,,,,,,
Gibostad barne-og ungdomsskole,2012,2012-13,Gibostad barne- og ungdomsskole,Gibostad barne- og ungdomsskole,Lenvik ( - 2019),Troms - Romsa ( - 2019),1931,19,975285383,MAT0010,Matematikk 10. årstrinn,*,*,*,*,,,,,True,True,True,True,2016,2016,2016,1,2016,0,-4.0,-4.0,Cohort 2016,,,11345,20.200000000000003,17.0,,,,,,,,,,,,,,,,,,,,,
Gibostad barne-og ungdomsskole,2013,2013-14,Gibostad barne- og ungdomsskole,Gibostad barne- og ungdomsskole,Lenvik ( - 2019),Troms - Romsa ( - 2019),1931,19,975285383,MAT0010,Matematikk 10. årstrinn,3.7,3.6,7,9,3.7,3.6,7.0,9.0,False,False,False,False,2016,2016,2016,1,2016,0,-3.0,-3.0,Cohort 2016,3.7,3.6,11455,20.6,19.0,,,,,,,,,,,,,,,,,,,,,
Gibostad barne-og ungdomsskole,2014,2014-15,Gibostad barne- og ungdomsskole,Gibostad barne- og ungdomsskole,Lenvik ( - 2019),Troms - Romsa ( - 2019),1931,19,975285383,MAT0010,Matematikk 10. årstrinn,*,*,*,*,,,,,True,True,True,True,2016,2016,2016,1,2016,0,-2.0,-2.0,Cohort 2016,,,11557,21.3,22.0,,,,,,,,,,,,,,,,,,,,,
Gibostad barne-og ungdomsskole,2015,2015-16,Gibostad barne- og ungdomsskole,Gibostad barne- og ungdomsskole,Lenvik ( - 2019),Troms - Romsa ( - 2019),1931,19,975285383,MAT0010,Matematikk 10. årstrinn,,3.3,,7,,3.3,,7.0,False,False,False,False,2016,2016,2016,1,2016,0,-1.0,-1.0,Cohort 2016,3.3,,11535,21.6,24.0,56322.0,19,Troms - Romsa (-2019),2674.0,1856.0,69.4091249065071,5.983545250560957,70.86761406133134,76.85115931189229,9.536275243081525,4.973821989528796,8.638743455497382,86.38743455497382,EKA19,Troms - Romsa (-2019),2619.0,75.67773959526536,9.278350515463918,84.95609011072929,6.643757159221077,8.400152730049637
Gibostad barne-og ungdomsskole,2016,2016-17,Gibostad barne- og ungdomsskole,Gibostad barne- og ungdomsskole,Lenvik ( - 2019),Troms - Romsa ( - 2019),1931,19,975285383,MAT0010,Matematikk 10. årstrinn,*,*,*,*,,,,,True,True,True,True,2016,2016,2016,1,2016,1,0.0,0.0,Cohort 2016,3.3,3.4,11618,22.4,25.0,58405.0,19,Troms - Romsa (-2019),2692.0,1899.0,70.54234769687965,7.392273402674592,68.23922734026746,75.63150074294205,9.583952451708768,4.86627043090639,9.918276374442794,85.21545319465082,EKA19,Troms - Romsa (-2019),2620.0,74.61832061068702,9.31297709923664,83.93129770992367,6.8320610687022905,9.236641221374047
Gjesdal ungdomsskole,2007,2007-08,Gjesdal ungdomsskole,Gjesdal ungdomsskole,Gjesdal,Rogaland,1122,11,975275639,MAT0010,Matematikk 10. årstrinn,3.1,3.4,82,81,3.1,3.4,82.0,81.0,False,False,False,False,2018,2018,2018,1,2018,0,-11.0,-11.0,Cohort 2018,3.1,3.4,9621,18.8,14.0,,,,,,,,,,,,,,,,,,,,,
Gjesdal ungdomsskole,2008,2008-09,Gjesdal ungdomsskole,Gjesdal ungdomsskole,Gjesdal,Rogaland,1122,11,975275639,MAT0010,Matematikk 10. årstrinn,*,*,*,*,,,,,True,True,True,True,2018,2018,2018,1,2018,0,-10.0,-10.0,Cohort 2018,,,9729,19.1,18.0,,,,,,,,,,,,,,,,,,,,,
Gjesdal ungdomsskole,2009,2009-10,Gjesdal ungdomsskole,Gjesdal ungdomsskole,Gjesdal,Rogaland,1122,11,975275639,MAT0010,Matematikk 10. årstrinn,3.3,3.7,88,58,3.3,3.7,88.0,58.0,False,False,False,False,2018,2018,2018,1,2018,0,-9.0,-9.0,Cohort 2018,3.3,3.7,9969,19.3,19.0,,,,,,,,,,,,,,,,,,,,,
Gjesdal ungdomsskole,2010,2010-11,Gjesdal ungdomsskole,Gjesdal ungdomsskole,Gjesdal,Rogaland,1122,11,975275639,MAT0010,Matematikk 10. årstrinn,3.2,3.4,66,61,3.2,3.4,66.0,61.0,False,False,False,False,2018,2018,2018,1,2018,0,-8.0,-8.0,Cohort 2018,3.2,3.4,10208,20.200000000000003,21.0,,,,,,,,,,,,,,,,,,,,,
Gjesdal ungdomsskole,2011,2011-12,Gjesdal ungdomsskole,Gjesdal ungdomsskole,Gjesdal,Rogaland,1122,11,975275639,MAT0010,Matematikk 10. årstrinn,3.6,3.7,76,70,3.6,3.7,76.0,70.0,False,False,False,False,2018,2018,2018,1,2018,0,-7.0,-7.0,Cohort 2018,3.6,3.7,10508,20.7,23.0,,,,,,,,,,,,,,,,,,,,,
Gjesdal ungdomsskole,2012,2012-13,Gjesdal ungdomsskole,Gjesdal ungdomsskole,Gjesdal,Rogaland,1122,11,975275639,MAT0010,Matematikk 10. årstrinn,*,*,*,*,,,,,True,True,True,True,2018,2018,2018,1,2018,0,-6.0,-6.0,Cohort 2018,,,10778,21.4,28.0,,,,,,,,,,,,,,,,,,,,,
Gjesdal ungdomsskole,2013,2013-14,Gjesdal ungdomsskole,Gjesdal ungdomsskole,Gjesdal,Rogaland,1122,11,975275639,MAT0010,Matematikk 10. årstrinn,3.5,3.7,65,46,3.5,3.7,65.0,46.0,False,False,False,False,2018,2018,2018,1,2018,0,-5.0,-5.0,Cohort 2018,3.5,3.7,11039,22.2,32.0,,,,,,,,,,,,,,,,,,,,,
Gjesdal ungdomsskole,2014,2014-15,Gjesdal ungdomsskole,Gjesdal ungdomsskole,Gjesdal,Rogaland,1122,11,975275639,MAT0010,Matematikk 10. årstrinn,3.3,3.7,62,72,3.3,3.7,62.0,72.0,False,False,False,False,2018,2018,2018,1,2018,0,-4.0,-4.0,Cohort 2018,3.3,3.7,11317,23.6,34.0,,,,,,,,,,,,,,,,,,,,,
Gjesdal ungdomsskole,2015,2015-16,Gjesdal ungdomsskole,Gjesdal ungdomsskole,Gjesdal,Rogaland,1122,11,975275639,MAT0010,Matematikk 10. årstrinn,3.8,3.7,78,66,3.8,3.7,78.0,66.0,False,False,False,False,2018,2018,2018,1,2018,0,-3.0,-3.0,Cohort 2018,3.8,3.7,11600,23.7,35.0,47036.0,11,Rogaland,6656.0,4734.0,71.12379807692307,6.174879807692308,72.29567307692307,78.47055288461539,10.3515625,6.550480769230769,4.627403846153847,88.82211538461539,EKA11,Rogaland,6563.0,77.28173091573976,9.644979430138656,86.9267103458784,8.36507694651836,4.70821270760323
Gjesdal ungdomsskole,2016,2016-17,Gjesdal ungdomsskole,Gjesdal ungdomsskole,Gjesdal,Rogaland,1122,11,975275639,MAT0010,Matematikk 10. årstrinn,3.4,3.5,65,72,3.4,3.5,65.0,72.0,False,False,False,False,2018,2018,2018,1,2018,0,-2.0,-2.0,Cohort 2018,3.4,3.5,11853,24.5,36.0,50410.0,11,Rogaland,6764.0,4889.0,72.27971614429332,7.09639266706091,71.14133648728563,78.23772915434654,10.097575399172086,6.623299822590184,5.041395623891189,88.33530455351863,EKA11,Rogaland,6599.0,77.66328231550234,9.486285800878921,87.14956811638127,7.955750871344143,4.894681012274587
Gjesdal ungdomsskole,2017,2017-18,Gjesdal ungdomsskole,Gjesdal ungdomsskole,Gjesdal,Rogaland,1122,11,975275639,MAT0010,Matematikk 10. årstrinn,3.3,3.9,57,63,3.3,3.9,57.0,63.0,False,False,False,False,2018,2018,2018,1,2018,0,-1.0,-1.0,Cohort 2018,3.3,3.9,11902,24.700000000000003,37.0,52053.0,11,Rogaland,6990.0,5071.0,72.54649499284692,8.569384835479257,69.47067238912732,78.04005722460658,10.100143061516452,6.380543633762518,5.47925608011445,88.14020028612303,EKA11,Rogaland,6786.0,77.74830533451224,9.475390509873268,87.2236958443855,7.589154140878279,5.187150014736221
Gjesdal ungdomsskole,2018,2018-19,Gjesdal ungdomsskole,Gjesdal ungdomsskole,Gjesdal,Rogaland,1122,11,975275639,MAT0010,Matematikk 10. årstrinn,3.4,3.7,58,60,3.4,3.7,58.0,60.0,False,False,False,False,2018,2018,2018,1,2018,1,0.0,0.0,Cohort 2018,3.4,3.7,11866,24.7,38.0,53595.0,11,Rogaland,7179.0,5283.0,73.58963643961555,9.332776152667503,67.90639364814041,77.23916980080791,10.76751636718206,6.212564424014487,5.780749407995542,88.00668616798997,EKA11,Rogaland,6949.0,76.96071377176573,10.102172974528708,87.06288674629444,7.6845589293423515,5.252554324363218
Gjesdal ungdomsskole,2019,2019-20,Gjesdal ungdomsskole,Gjesdal ungdomsskole,Gjesdal,Rogaland,1122,11,975275639,MAT0010,Matematikk 10. årstrinn,3.9,3.6,40,58,3.9,3.6,40.0,58.0,False,False,False,False,2018,2018,2018,1,2018,1,1.0,1.0,Cohort 2018,3.9,3.6,11899,24.9,41.0,55055.0,11,Rogaland,7163.0,5374.0,75.02443110428591,10.679882730699427,68.04411559402484,78.72399832472428,10.973055982130392,5.654055563311462,4.648890129833869,89.69705430685467,EKA11,Rogaland,6922.0,77.665414620052,10.444958104594047,88.11037272464606,7.483386304536261,4.406240970817683
Gjesdal ungdomsskole,2020,2020-21,Gjesdal ungdomsskole,Gjesdal ungdomsskole,Gjesdal,Rogaland,1122,11,975275639,MAT0010,Matematikk 10. årstrinn,3.6,4.1,72,51,3.6,4.1,72.0,51.0,False,False,False,False,2018,2018,2018,1,2018,1,2.0,2.0,Cohort 2018,3.6,4.1,12002,25.700000000000003,41.0,57947.0,11,Rogaland,7386.0,5512.0,74.62767397779582,12.144597887896019,66.34172759274303,78.48632548063905,10.817763336041159,5.727051177904143,4.968860005415651,89.3040888166802,EKA11,Rogaland,7134.0,79.61872722175498,10.022427810485002,89.64115503223998,4.79394449116905,5.564900476590973
Gryllefjord skole,2007,2007-08,Gryllefjord skole,Gryllefjord skole,Torsken ( - 2019),Troms - Romsa ( - 2019),1928,19,975285499,MAT0010,Matematikk 10. årstrinn,*,*,*,*,,,,,True,True,True,True,2016,2016,2016,1,2016,0,-9.0,-9.0,Cohort 2016,,,978,9.3,5.0,,,,,,,,,,,,,,,,,,,,,
Gryllefjord skole,2008,2008-09,Gryllefjord skole,Gryllefjord skole,Torsken ( - 2019),Troms - Romsa ( - 2019),1928,19,975285499,MAT0010,Matematikk 10. årstrinn,*,*,*,*,,,,,True,True,True,True,2016,2016,2016,1,2016,0,-8.0,-8.0,Cohort 2016,,,937,9.8,8.0,,,,,,,,,,,,,,,,,,,,,
Gryllefjord skole,2009,2009-10,Gryllefjord skole,Gryllefjord skole,Torsken ( - 2019),Troms - Romsa ( - 2019),1928,19,975285499,MAT0010,Matematikk 10. årstrinn,*,*,*,*,,,,,True,True,True,True,2016,2016,2016,1,2016,0,-7.0,-7.0,Cohort 2016,,,916,9.6,9.0,,,,,,,,,,,,,,,,,,,,,
Gryllefjord skole,2010,2010-11,Gryllefjord skole,Gryllefjord skole,Torsken ( - 2019),Troms - Romsa ( - 2019),1928,19,975285499,MAT0010,Matematikk 10. årstrinn,*,*,*,*,,,,,True,True,True,True,2016,2016,2016,1,2016,0,-6.0,-6.0,Cohort 2016,,,899,9.9,12.0,,,,,,,,,,,,,,,,,,,,,
Grålum ungdomsskole,2007,2007-08,Grålum ungdomsskole,Grålum ungdomsskole,Sarpsborg ( - 2019),Østfold ( - 2019),105,1,975289109,MAT0010,Matematikk 10. årstrinn,3,3.3,54,58,3.0,3.3,54.0,58.0,False,False,False,False,2019,2019,2019,1,2019,0,-12.0,-12.0,Cohort 2019,3.0,3.3,50593,18.7,6.0,,,,,,,,,,,,,,,,,,,,,
Grålum ungdomsskole,2008,2008-09,Grålum ungdomsskole,Grålum ungdomsskole,Sarpsborg ( - 2019),Østfold ( - 2019),105,1,975289109,MAT0010,Matematikk 10. årstrinn,3,3.6,42,51,3.0,3.6,42.0,51.0,False,False,False,False,2019,2019,2019,1,2019,0,-11.0,-11.0,Cohort 2019,3.0,3.6,51053,19.1,8.0,,,,,,,,,,,,,,,,,,,,,
Grålum ungdomsskole,2009,2009-10,Grålum ungdomsskole,Grålum ungdomsskole,Sarpsborg ( - 2019),Østfold ( - 2019),105,1,975289109,MAT0010,Matematikk 10. årstrinn,3.2,3.3,56,56,3.2,3.3,56.0,56.0,False,False,False,False,2019,2019,2019,1,2019,0,-10.0,-10.0,Cohort 2019,3.2,3.3,51723,19.5,8.0,,,,,,,,,,,,,,,,,,,,,
Grålum ungdomsskole,2010,2010-11,Grålum ungdomsskole,Grålum ungdomsskole,Sarpsborg ( - 2019),Østfold ( - 2019),105,1,975289109,MAT0010,Matematikk 10. årstrinn,3.1,3.6,55,51,3.1,3.6,55.0,51.0,False,False,False,False,2019,2019,2019,1,2019,0,-9.0,-9.0,Cohort 2019,3.1,3.6,52159,19.9,9.0,,,,,,,,,,,,,,,,,,,,,
Grålum ungdomsskole,2011,2011-12,Grålum ungdomsskole,Grålum ungdomsskole,Sarpsborg ( - 2019),Østfold ( - 2019),105,1,975289109,MAT0010,Matematikk 10. årstrinn,3.3,3.5,48,52,3.3,3.5,48.0,52.0,False,False,False,False,2019,2019,2019,1,2019,0,-8.0,-8.0,Cohort 2019,3.3,3.5,52805,20.2,11.0,,,,,,,,,,,,,,,,,,,,,
Grålum ungdomsskole,2012,2012-13,Grålum ungdomsskole,Grålum ungdomsskole,Sarpsborg ( - 2019),Østfold ( - 2019),105,1,975289109,MAT0010,Matematikk 10. årstrinn,3,3.3,58,52,3.0,3.3,58.0,52.0,False,False,False,False,2019,2019,2019,1,2019,0,-7.0,-7.0,Cohort 2019,3.0,3.3,53333,20.8,13.0,,,,,,,,,,,,,,,,,,,,,
Grålum ungdomsskole,2013,2013-14,Grålum ungdomsskole,Grålum ungdomsskole,Sarpsborg ( - 2019),Østfold ( - 2019),105,1,975289109,MAT0010,Matematikk 10. årstrinn,3.3,3.4,46,61,3.3,3.4,46.0,61.0,False,False,False,False,2019,2019,2019,1,2019,0,-6.0,-6.0,Cohort 2019,3.3,3.3,53696,21.3,15.0,,,,,,,,,,,,,,,,,,,,,
Grålum ungdomsskole,2014,2014-15,Grålum ungdomsskole,Grålum ungdomsskole,Sarpsborg ( - 2019),Østfold ( - 2019),105,1,975289109,MAT0010,Matematikk 10. årstrinn,2.3,3.1,46,62,2.3,3.1,46.0,62.0,False,False,False,False,2019,2019,2019,1,2019,0,-5.0,-5.0,Cohort 2019,3.4,2.3,54059,22.0,17.0,,,,,,,,,,,,,,,,,,,,,
Grålum ungdomsskole,2015,2015-16,Grålum ungdomsskole,Grålum ungdomsskole,Sarpsborg ( - 2019),Østfold ( - 2019),105,1,975289109,MAT0010,Matematikk 10. årstrinn,3.2,3.4,57,52,3.2,3.4,57.0,52.0,False,False,False,False,2019,2019,2019,1,2019,0,-4.0,-4.0,Cohort 2019,3.1,3.2,54192,22.8,19.0,47847.0,01,Østfold (-2019),3788.0,2813.0,74.26082365364309,3.7222808870116157,76.16156282998944,79.88384371700106,9.398099260823653,4.567053854276663,6.151003167898627,89.28194297782471,EKA01,Østfold (-2019),3884.0,76.41606591143152,8.419155509783728,84.83522142121525,8.831101956745622,6.3336766220391345
Grålum ungdomsskole,2016,2016-17,Grålum ungdomsskole,Grålum ungdomsskole,Sarpsborg ( - 2019),Østfold ( - 2019),105,1,975289109,MAT0010,Matematikk 10. årstrinn,3.5,3.6,53,62,3.5,3.6,53.0,62.0,False,False,False,False,2019,2019,2019,1,2019,0,-3.0,-3.0,Cohort 2019,3.4,3.5,54678,23.4,20.0,50196.0,01,Østfold (-2019),3829.0,2857.0,74.6147819273962,3.9435884042831026,75.58109166884304,79.52468007312615,9.140767824497258,4.753199268738574,6.581352833638025,88.6654478976234,EKA01,Østfold (-2019),3911.0,76.14420864229098,8.130912810023013,84.27512145231398,8.872411148043978,6.852467399642036
Grålum ungdomsskole,2017,2017-18,Grålum ungdomsskole,Grålum ungdomsskole,Sarpsborg ( - 2019),Østfold ( - 2019),105,1,975289109,MAT0010,Matematikk 10. årstrinn,3.1,3.7,54,50,3.1,3.7,54.0,50.0,False,False,False,False,2019,2019,2019,1,2019,0,-2.0,-2.0,Cohort 2019,3.6,3.1,55127,24.1,22.0,51970.0,01,Østfold (-2019),3866.0,2937.0,75.96999482669425,4.500775995861355,75.68546301086394,80.1862390067253,8.949818934299017,4.371443352302121,6.492498706673564,89.13605794102432,EKA01,Østfold (-2019),3935.0,76.89961880559085,7.9288437102922495,84.8284625158831,8.66581956797967,6.50571791613723
Grålum ungdomsskole,2018,2018-19,Grålum ungdomsskole,Grålum ungdomsskole,Sarpsborg ( - 2019),Østfold ( - 2019),105,1,975289109,MAT0010,Matematikk 10. årstrinn,3.5,3.6,44,57,3.5,3.6,44.0,57.0,False,False,False,False,2019,2019,2019,1,2019,0,-1.0,-1.0,Cohort 2019,3.7,3.5,55543,24.5,24.0,53207.0,01,Østfold (-2019),3908.0,3016.0,77.17502558853634,4.810644831115661,74.97441146366428,79.78505629477995,9.365404298874104,4.119754350051178,6.729785056294781,89.15046059365405,EKA01,Østfold (-2019),3995.0,75.7947434292866,8.285356695869837,84.08010012515645,8.986232790988737,6.933667083854818
Grålum ungdomsskole,2019,2019-20,Grålum ungdomsskole,Grålum ungdomsskole,Sarpsborg ( - 2019),Østfold ( - 2019),105,1,975289109,MAT0010,Matematikk 10. årstrinn,3.6,4.4,50,46,3.6,4.4,50.0,46.0,False,False,False,False,2019,2019,2019,1,2019,1,0.0,0.0,Cohort 2019,3.6,3.6,55997,25.0,26.0,55223.0,01,Østfold (-2019),3936.0,3003.0,76.29573170731707,5.08130081300813,75.3810975609756,80.46239837398373,8.96849593495935,4.395325203252033,6.173780487804878,89.43089430894308,EKA01,Østfold (-2019),4012.0,76.321036889332,7.876370887337986,84.19740777666999,9.770687936191425,6.031904287138584
Grålum ungdomsskole,2020,2020-21,Grålum ungdomsskole,Grålum ungdomsskole,Sarpsborg (2020 - 2023),Viken (2020 - 2023),3003,30,975289109,MAT0010,Matematikk 10. årstrinn,3.5,3.7,53,46,3.5,3.7,53.0,46.0,False,False,False,False,2019,2019,2019,1,2019,1,1.0,1.0,Cohort 2019,4.4,3.5,56732,25.6,27.0,57477.0,30,Viken (2020-2023),17201.0,12715.0,73.92012092320213,10.952851578396604,63.589326201965,74.54217778036161,10.417998953549212,5.6508342538224525,9.388989012266729,84.96017673391081,EKA30,Viken (2020-2023),17255.0,75.06809620399885,9.886989278470008,84.95508548246885,4.787018255578094,10.257896261953057
Grålum ungdomsskole,2021,2021-22,Grålum ungdomsskole,Grålum ungdomsskole,Sarpsborg (2020 - 2023),Viken (2020 - 2023),3003,30,975289109,MAT0010,Matematikk 10. årstrinn,,,,,,,,,False,False,False,False,2019,2019,2019,1,2019,1,2.0,2.0,Cohort 2019,,3.7,57372,26.4,30.0,62190.0,30,Viken (2020-2023),17569.0,12966.0,73.80044396379988,12.117934999146224,61.039330639194034,73.15726563834026,11.537366953156129,5.475553531788947,9.829813876714667,84.69463259149639,EKA30,Viken (2020-2023),17517.0,73.8825141291317,11.012159616372665,84.89467374550436,4.58411828509448,10.521207969401154
Korgen sentralskole,2007,2007-08,Korgen sentralskole,Korgen sentralskole,Hemnes,Nordland - Nordlánnda,1832,18,975286924,MAT0010,Matematikk 10. årstrinn,3.4,3.7,16,19,3.4,3.7,16.0,19.0,False,False,False,False,2018/2019,2018,2018,1,2018,0,-11.0,-11.0,Cohort 2018,3.4,3.7,4510,15.2,5.0,,,,,,,,,,,,,,,,,,,,,
Korgen sentralskole,2008,2008-09,Korgen sentralskole,Korgen sentralskole,Hemnes,Nordland - Nordlánnda,1832,18,975286924,MAT0010,Matematikk 10. årstrinn,3.4,4.2,13,21,3.4,4.2,13.0,21.0,False,False,False,False,2018/2019,2018,2018,1,2018,0,-10.0,-10.0,Cohort 2018,3.4,4.2,4478,15.5,8.0,,,,,,,,,,,,,,,,,,,,,
Korgen sentralskole,2009,2009-10,Korgen sentralskole,Korgen sentralskole,Hemnes,Nordland - Nordlánnda,1832,18,975286924,MAT0010,Matematikk 10. årstrinn,3.9,4.1,14,21,3.9,4.1,14.0,21.0,False,False,False,False,2018/2019,2018,2018,1,2018,0,-9.0,-9.0,Cohort 2018,3.9,4.1,4527,15.9,8.0,,,,,,,,,,,,,,,,,,,,,
Korgen sentralskole,2010,2010-11,Korgen sentralskole,Korgen sentralskole,Hemnes,Nordland - Nordlánnda,1832,18,975286924,MAT0010,Matematikk 10. årstrinn,3.1,3.6,17,18,3.1,3.6,17.0,18.0,False,False,False,False,2018/2019,2018,2018,1,2018,0,-8.0,-8.0,Cohort 2018,3.1,3.6,4584,15.8,10.0,,,,,,,,,,,,,,,,,,,,,
Korgen sentralskole,2011,2011-12,Korgen sentralskole,Korgen sentralskole,Hemnes,Nordland - Nordlánnda,1832,18,975286924,MAT0010,Matematikk 10. årstrinn,3.3,3.4,12,14,3.3,3.4,12.0,14.0,False,False,False,False,2018/2019,2018,2018,1,2018,0,-7.0,-7.0,Cohort 2018,3.3,3.4,4600,16.0,12.0,,,,,,,,,,,,,,,,,,,,,
Korgen sentralskole,2012,2012-13,Korgen sentralskole,Korgen sentralskole,Hemnes,Nordland - Nordlánnda,1832,18,975286924,MAT0010,Matematikk 10. årstrinn,*,*,*,*,,,,,True,True,True,True,2018/2019,2018,2018,1,2018,0,-6.0,-6.0,Cohort 2018,,,4585,16.6,13.0,,,,,,,,,,,,,,,,,,,,,
Korgen sentralskole,2013,2013-14,Korgen sentralskole,Korgen sentralskole,Hemnes,Nordland - Nordlánnda,1832,18,975286924,MAT0010,Matematikk 10. årstrinn,3.5,4.2,16,12,3.5,4.2,16.0,12.0,False,False,False,False,2018/2019,2018,2018,1,2018,0,-5.0,-5.0,Cohort 2018,3.5,4.2,4620,17.1,16.0,,,,,,,,,,,,,,,,,,,,,
Korgen sentralskole,2014,2014-15,Korgen sentralskole,Korgen sentralskole,Hemnes,Nordland - Nordlánnda,1832,18,975286924,MAT0010,Matematikk 10. årstrinn,2.7,4,27,10,2.7,4.0,27.0,10.0,False,False,False,False,2018/2019,2018,2018,1,2018,0,-4.0,-4.0,Cohort 2018,2.7,4.0,4553,17.8,17.0,,,,,,,,,,,,,,,,,,,,,
Korgen sentralskole,2015,2015-16,Korgen sentralskole,Korgen sentralskole,Hemnes,Nordland - Nordlánnda,1832,18,975286924,MAT0010,Matematikk 10. årstrinn,*,*,*,*,,,,,True,True,True,True,2018/2019,2018,2018,1,2018,0,-3.0,-3.0,Cohort 2018,,,4528,18.0,19.0,58919.0,18,Nordland - Nordlánnda,4018.0,2822.0,70.23394723743156,3.758088601294176,73.17073170731707,76.92882030861125,9.158785465405675,4.629168740666999,9.283225485316079,86.08760577401694,EKA18,Nordland - Nordlánnda,4009.0,75.23073085557496,8.730356697430782,83.96108755300574,6.560239461212272,9.47867298578199
Korgen sentralskole,2016,2016-17,Korgen sentralskole,Korgen sentralskole,Hemnes,Nordland - Nordlánnda,1832,18,975286924,MAT0010,Matematikk 10. årstrinn,2.9,3.3,13,9,2.9,3.3,13.0,9.0,False,False,False,False,2018/2019,2018,2018,1,2018,0,-2.0,-2.0,Cohort 2018,2.9,3.3,4486,18.5,20.0,60570.0,18,Nordland - Nordlánnda,4149.0,2961.0,71.36659436008676,4.483007953723789,70.59532417449988,75.07833212822366,9.568570739937336,4.989154013015185,10.363943118823812,84.646902868161,EKA18,Nordland - Nordlánnda,4129.0,73.38338580770161,9.348510535238557,82.73189634294017,6.66020828287721,10.607895374182611
Korgen sentralskole,2017,2017-18,Korgen sentralskole,Korgen sentralskole,Hemnes,Nordland - Nordlánnda,1832,18,975286924,MAT0010,Matematikk 10. årstrinn,3.1,3.9,19,14,3.1,3.9,19.0,14.0,False,False,False,False,2018/2019,2018,2018,1,2018,0,-1.0,-1.0,Cohort 2018,3.1,3.9,4524,19.6,21.0,62288.0,18,Nordland - Nordlánnda,4233.0,3061.0,72.31278053390031,5.362626978502244,70.2338766832034,75.59650366170565,9.142452161587526,4.913772738010867,10.347271438695959,84.73895582329317,EKA18,Nordland - Nordlánnda,4225.0,73.68047337278107,8.828402366863905,82.50887573964498,7.171597633136095,10.319526627218934
Korgen sentralskole,2018,2018-19,Korgen sentralskole,Korgen sentralskole,Hemnes,Nordland - Nordlánnda,1832,18,975286924,MAT0010,Matematikk 10. årstrinn,2.7,3.2,15,9,2.7,3.2,15.0,9.0,False,False,False,False,2018/2019,2018,2018,1,2018,1,0.0,0.0,Cohort 2018,2.7,3.2,4503,19.9,23.0,64850.0,18,Nordland - Nordlánnda,4215.0,3089.0,73.2858837485172,6.785290628706998,68.56465005931199,75.34994068801898,9.8932384341637,4.911032028469751,9.845788849347569,85.24317912218268,EKA18,Nordland - Nordlánnda,4188.0,73.61509073543458,9.479465138490927,83.0945558739255,7.067812798471825,9.837631327602674
Korgen sentralskole,2019,2019-20,Korgen sentralskole,Korgen sentralskole,Hemnes,Nordland - Nordlánnda,1832,18,975286924,MAT0010,Matematikk 10. årstrinn,*,*,*,*,,,,,True,True,True,True,2018/2019,2018,2018,1,2018,1,1.0,1.0,Cohort 2018,,2.7,4501,20.200000000000003,24.0,66809.0,18,Nordland - Nordlánnda,4217.0,3087.0,73.20369931230732,7.564619397676073,68.34242352383211,75.90704292150818,9.271994308750296,5.1221247332226705,9.698838036518852,85.17903723025849,EKA18,Nordland - Nordlánnda,4164.0,74.08741594620557,8.909702209414025,82.9971181556196,7.204610951008646,9.798270893371757
Korgen sentralskole,2020,2020-21,Korgen sentralskole,Korgen sentralskole,Hemnes,Nordland - Nordlánnda,1832,18,975286924,MAT0010,Matematikk 10. årstrinn,2.7,3.4,16,13,2.7,3.4,16.0,13.0,False,False,False,False,2018/2019,2018,2018,1,2018,1,2.0,2.0,Cohort 2018,,3.4,4454,20.5,26.0,69224.0,18,Nordland - Nordlánnda,4100.0,3044.0,74.2439024390244,9.0,68.4390243902439,77.4390243902439,9.195121951219512,4.853658536585366,8.51219512195122,86.63414634146342,EKA18,Nordland - Nordlánnda,4067.0,77.28055077452667,8.507499385296287,85.78805015982297,4.425866732235063,9.786083107941971
Lyngmyr skole,2007,2007-08,Lyngmyr skole,Lyngmyr skole,Tvedestrand ( - 2019),Aust-Agder ( - 2019),914,9,975283070,MAT0010,Matematikk 10. årstrinn,3,3,34,50,3.0,3.0,34.0,50.0,False,False,False,False,2017,2017,2017,1,2017,0,-10.0,-10.0,Cohort 2017,3.0,3.0,5822,20.7,7.0,,,,,,,,,,,,,,,,,,,,,
Lyngmyr skole,2008,2008-09,Lyngmyr skole,Lyngmyr skole,Tvedestrand ( - 2019),Aust-Agder ( - 2019),914,9,975283070,MAT0010,Matematikk 10. årstrinn,2.8,3.1,34,43,2.8,3.1,34.0,43.0,False,False,False,False,2017,2017,2017,1,2017,0,-9.0,-9.0,Cohort 2017,2.8,3.1,5874,21.0,9.0,,,,,,,,,,,,,,,,,,,,,
Lyngmyr skole,2009,2009-10,Lyngmyr skole,Lyngmyr skole,Tvedestrand ( - 2019),Aust-Agder ( - 2019),914,9,975283070,MAT0010,Matematikk 10. årstrinn,3.6,3.8,31,46,3.6,3.8,31.0,46.0,False,False,False,False,2017,2017,2017,1,2017,0,-8.0,-8.0,Cohort 2017,3.6,3.8,5939,21.6,9.0,,,,,,,,,,,,,,,,,,,,,
Lyngmyr skole,2010,2010-11,Lyngmyr skole,Lyngmyr skole,Tvedestrand ( - 2019),Aust-Agder ( - 2019),914,9,975283070,MAT0010,Matematikk 10. årstrinn,3.2,3.4,30,37,3.2,3.4,30.0,37.0,False,False,False,False,2017,2017,2017,1,2017,0,-7.0,-7.0,Cohort 2017,3.2,3.4,5939,22.1,11.0,,,,,,,,,,,,,,,,,,,,,
Lyngmyr skole,2011,2011-12,Lyngmyr skole,Lyngmyr skole,Tvedestrand ( - 2019),Aust-Agder ( - 2019),914,9,975283070,MAT0010,Matematikk 10. årstrinn,3,3.1,37,44,3.0,3.1,37.0,44.0,False,False,False,False,2017,2017,2017,1,2017,0,-6.0,-6.0,Cohort 2017,3.0,,5969,22.4,13.0,,,,,,,,,,,,,,,,,,,,,
Lyngmyr skole,2012,2012-13,Lyngmyr skole,Lyngmyr skole,Tvedestrand ( - 2019),Aust-Agder ( - 2019),914,9,975283070,MAT0010,Matematikk 10. årstrinn,3.2,3.6,35,29,3.2,3.6,35.0,29.0,False,False,False,False,2017,2017,2017,1,2017,0,-5.0,-5.0,Cohort 2017,3.2,3.6,6019,23.1,15.0,,,,,,,,,,,,,,,,,,,,,
Lyngmyr skole,2013,2013-14,Lyngmyr skole,Lyngmyr skole,Tvedestrand ( - 2019),Aust-Agder ( - 2019),914,9,975283070,MAT0010,Matematikk 10. årstrinn,3,3,38,34,3.0,3.0,38.0,34.0,False,False,False,False,2017,2017,2017,1,2017,0,-4.0,-4.0,Cohort 2017,3.0,3.0,6064,23.1,17.0,,,,,,,,,,,,,,,,,,,,,
Lyngmyr skole,2014,2014-15,Lyngmyr skole,Lyngmyr skole,Tvedestrand ( - 2019),Aust-Agder ( - 2019),914,9,975283070,MAT0010,Matematikk 10. årstrinn,2.7,3.2,42,31,2.7,3.2,42.0,31.0,False,False,False,False,2017,2017,2017,1,2017,0,-3.0,-3.0,Cohort 2017,2.7,3.2,6059,23.6,19.0,,,,,,,,,,,,,,,,,,,,,
Lyngmyr skole,2015,2015-16,Lyngmyr skole,Lyngmyr skole,Tvedestrand ( - 2019),Aust-Agder ( - 2019),914,9,975283070,MAT0010,Matematikk 10. årstrinn,2.9,2.9,41,34,2.9,2.9,41.0,34.0,False,False,False,False,2017,2017,2017,1,2017,0,-2.0,-2.0,Cohort 2017,2.9,2.9,6048,24.200000000000003,20.0,52383.0,09,Aust-Agder (-2019),1712.0,1096.0,64.01869158878505,4.147196261682243,74.35747663551402,78.50467289719626,10.338785046728972,5.490654205607477,5.66588785046729,88.84345794392523,EKA09,Aust-Agder (-2019),1711.0,76.0374050263004,9.35125657510228,85.38866160140269,8.825248392752776,5.786090005844535
Lyngmyr skole,2016,2016-17,Lyngmyr skole,Lyngmyr skole,Tvedestrand ( - 2019),Aust-Agder ( - 2019),914,9,975283070,MAT0010,Matematikk 10. årstrinn,3.3,3.2,39,34,3.3,3.2,39.0,34.0,False,False,False,False,2017,2017,2017,1,2017,0,-1.0,-1.0,Cohort 2017,3.3,3.2,6014,24.9,21.0,54993.0,09,Aust-Agder (-2019),1746.0,1157.0,66.26575028636884,4.352806414662084,73.31042382588774,77.66323024054984,10.996563573883162,5.383734249713632,5.956471935853378,88.65979381443299,EKA09,Aust-Agder (-2019),1736.0,75.57603686635944,9.90783410138249,85.48387096774194,8.582949308755762,5.933179723502304
Lyngmyr skole,2017,2017-18,Lyngmyr skole,Lyngmyr skole,Tvedestrand ( - 2019),Aust-Agder ( - 2019),914,9,975283070,MAT0010,Matematikk 10. årstrinn,3.4,3.7,31,33,3.4,3.7,31.0,33.0,False,False,False,False,2017,2017,2017,1,2017,1,0.0,0.0,Cohort 2017,3.4,3.7,6051,25.4,21.0,56536.0,09,Aust-Agder (-2019),1792.0,1185.0,66.12723214285714,5.245535714285714,71.484375,76.72991071428571,11.328125,5.301339285714286,6.640625,88.05803571428571,EKA09,Aust-Agder (-2019),1759.0,75.04263786242184,10.574189880613986,85.61682774303581,8.129619101762366,6.253553155201819
Lyngmyr skole,2018,2018-19,Lyngmyr skole,Lyngmyr skole,Tvedestrand ( - 2019),Aust-Agder ( - 2019),914,9,975283070,MAT0010,Matematikk 10. årstrinn,3.4,3,32,27,3.4,3.0,32.0,27.0,False,False,False,False,2017,2017,2017,1,2017,1,1.0,1.0,Cohort 2017,3.4,3.0,6086,26.0,24.0,58500.0,09,Aust-Agder (-2019),1790.0,1241.0,69.32960893854748,5.754189944134079,71.89944134078212,77.6536312849162,10.949720670391061,5.027932960893855,6.368715083798883,88.60335195530726,EKA09,Aust-Agder (-2019),1750.0,76.0,9.885714285714284,85.88571428571429,8.0,6.114285714285715
Lyngmyr skole,2019,2019-20,Lyngmyr skole,Lyngmyr skole,Tvedestrand ( - 2019),Aust-Agder ( - 2019),914,9,975283070,MAT0010,Matematikk 10. årstrinn,3.6,3.4,29,44,3.6,3.4,29.0,44.0,False,False,False,False,2017,2017,2017,1,2017,1,2.0,2.0,Cohort 2017,3.4,3.4,6069,26.1,26.0,60491.0,09,Aust-Agder (-2019),1800.0,1243.0,69.05555555555556,5.944444444444445,71.61111111111111,77.55555555555556,11.0,5.555555555555555,5.888888888888888,88.55555555555556,EKA09,Aust-Agder (-2019),1751.0,76.18503712164477,9.822958309537407,86.00799543118218,8.338092518560822,5.653912050256996
Lyngmyr skole,2020,2020-21,Lyngmyr skole,Lyngmyr skole,Tvedestrand,Agder,4213,42,975283070,MAT0010,Matematikk 10. årstrinn,3.4,3.5,28,32,3.4,3.5,28.0,32.0,False,False,False,False,2017,2017,2017,1,2017,1,3.0,3.0,Cohort 2017,3.4,,6053,27.0,27.0,61935.0,42,Agder,4703.0,3313.0,70.44439719328088,7.10184988305337,73.88900701679779,80.99085689985117,10.886668084201572,3.8060812247501596,4.316393791197108,91.87752498405273,EKA42,Agder,4597.0,81.33565368718729,10.332825755927779,91.66847944311507,3.2194909723732867,5.112029584511638
Lyngmyr skole,2021,2021-22,Lyngmyr skole,Lyngmyr skole,Tvedestrand,Agder,4213,42,975283070,MAT0010,Matematikk 10. årstrinn,,,,,,,,,False,False,False,False,2017,2017,2017,1,2017,1,4.0,4.0,Cohort 2017,,3.5,6067,27.4,29.0,65576.0,42,Agder,4816.0,3396.0,70.51495016611295,8.471760797342192,70.63953488372093,79.11129568106313,12.271594684385382,4.049003322259137,4.568106312292359,91.3828903654485,EKA42,Agder,4729.0,78.93846479171071,11.799534785366886,90.73799957707762,3.552548107422288,5.709452315500106
Radøy ungdomsskole,2007,2007-08,Radøy ungdomsskule,Radøy ungdomsskule,Radøy ( - 2019),Hordaland ( - 2019),1260,12,975299163,MAT0010,Matematikk 10. årstrinn,4,3.7,20,32,4.0,3.7,20.0,32.0,False,False,False,False,2019/2020,2019,2019,1,2019,0,-12.0,-12.0,Cohort 2019,4.0,3.7,4658,15.4,9.0,,,,,,,,,,,,,,,,,,,,,
Radøy ungdomsskole,2008,2008-09,Radøy ungdomsskule,Radøy ungdomsskule,Radøy ( - 2019),Hordaland ( - 2019),1260,12,975299163,MAT0010,Matematikk 10. årstrinn,3.3,3.6,38,32,3.3,3.6,38.0,32.0,False,False,False,False,2019/2020,2019,2019,1,2019,0,-11.0,-11.0,Cohort 2019,3.3,3.6,4794,16.0,12.0,,,,,,,,,,,,,,,,,,,,,
Radøy ungdomsskole,2009,2009-10,Radøy ungdomsskule,Radøy ungdomsskule,Radøy ( - 2019),Hordaland ( - 2019),1260,12,975299163,MAT0010,Matematikk 10. årstrinn,3.2,3.6,32,32,3.2,3.6,32.0,32.0,False,False,False,False,2019/2020,2019,2019,1,2019,0,-10.0,-10.0,Cohort 2019,3.2,3.6,4825,16.5,14.0,,,,,,,,,,,,,,,,,,,,,
Radøy ungdomsskole,2010,2010-11,Radøy ungdomsskule,Radøy ungdomsskule,Radøy ( - 2019),Hordaland ( - 2019),1260,12,975299163,MAT0010,Matematikk 10. årstrinn,3.6,3.8,33,33,3.6,3.8,33.0,33.0,False,False,False,False,2019/2020,2019,2019,1,2019,0,-9.0,-9.0,Cohort 2019,3.2,3.6,4825,17.0,14.0,,,,,,,,,,,,,,,,,,,,,
Radøy ungdomsskole,2011,2011-12,Radøy ungdomsskule,Radøy ungdomsskule,Radøy ( - 2019),Hordaland ( - 2019),1260,12,975299163,MAT0010,Matematikk 10. årstrinn,3.4,3.3,37,44,3.4,3.3,37.0,44.0,False,False,False,False,2019/2020,2019,2019,1,2019,0,-8.0,-8.0,Cohort 2019,3.6,3.8,4896,17.4,17.0,,,,,,,,,,,,,,,,,,,,,
Radøy ungdomsskole,2012,2012-13,Radøy ungdomsskule,Radøy ungdomsskule,Radøy ( - 2019),Hordaland ( - 2019),1260,12,975299163,MAT0010,Matematikk 10. årstrinn,3.4,3.9,38,30,3.4,3.9,38.0,30.0,False,False,False,False,2019/2020,2019,2019,1,2019,0,-7.0,-7.0,Cohort 2019,3.4,3.3,4952,17.8,20.0,,,,,,,,,,,,,,,,,,,,,
Radøy ungdomsskole,2013,2013-14,Radøy ungdomsskule,Radøy ungdomsskule,Radøy ( - 2019),Hordaland ( - 2019),1260,12,975299163,MAT0010,Matematikk 10. årstrinn,3.3,3.8,29,28,3.3,3.8,29.0,28.0,False,False,False,False,2019/2020,2019,2019,1,2019,0,-6.0,-6.0,Cohort 2019,3.4,3.9,5003,18.0,23.0,,,,,,,,,,,,,,,,,,,,,
Radøy ungdomsskole,2014,2014-15,Radøy ungdomsskule,Radøy ungdomsskule,Radøy ( - 2019),Hordaland ( - 2019),1260,12,975299163,MAT0010,Matematikk 10. årstrinn,3.2,3.3,25,31,3.2,3.3,25.0,31.0,False,False,False,False,2019/2020,2019,2019,1,2019,0,-5.0,-5.0,Cohort 2019,3.3,3.8,5039,18.4,24.0,,,,,,,,,,,,,,,,,,,,,
Radøy ungdomsskole,2015,2015-16,Radøy ungdomsskule,Radøy ungdomsskule,Radøy ( - 2019),Hordaland ( - 2019),1260,12,975299163,MAT0010,Matematikk 10. årstrinn,3.7,3.8,32,35,3.7,3.8,32.0,35.0,False,False,False,False,2019/2020,2019,2019,1,2019,0,-4.0,-4.0,Cohort 2019,3.2,3.3,5014,18.7,26.0,51527.0,12,Hordaland (-2019),7206.0,4896.0,67.94338051623647,5.648071051901193,72.49514293644185,78.14321398834305,11.004718290313628,4.968082153760755,5.883985567582569,89.14793227865667,EKA12,Hordaland (-2019),7255.0,73.96278428669882,10.117160578911095,84.07994486560992,9.386629910406615,6.53342522398346
Radøy ungdomsskole,2016,2016-17,Radøy ungdomsskule,Radøy ungdomsskule,Radøy ( - 2019),Hordaland ( - 2019),1260,12,975299163,MAT0010,Matematikk 10. årstrinn,3.7,3.9,31,38,3.7,3.9,31.0,38.0,False,False,False,False,2019/2020,2019,2019,1,2019,0,-3.0,-3.0,Cohort 2019,3.7,3.8,5077,19.3,27.0,53630.0,12,Hordaland (-2019),7315.0,5062.0,69.20027341079972,6.315789473684211,72.27614490772386,78.59193438140807,10.608339029391662,5.495557074504443,5.304169514695831,89.20027341079972,EKA12,Hordaland (-2019),7371.0,74.18260751594084,9.781576448243115,83.96418396418397,9.917243250576584,6.118572785239452
Radøy ungdomsskole,2017,2017-18,Radøy ungdomsskule,Radøy ungdomsskule,Radøy ( - 2019),Hordaland ( - 2019),1260,12,975299163,MAT0010,Matematikk 10. årstrinn,3.6,3.4,30,38,3.6,3.4,30.0,38.0,False,False,False,False,2019/2020,2019,2019,1,2019,0,-2.0,-2.0,Cohort 2019,3.7,3.9,5128,19.8,29.0,55812.0,12,Hordaland (-2019),7413.0,5174.0,69.79630379063806,6.5560501821125055,72.07608255766897,78.63213273978147,10.805341966815055,5.004721435316336,5.557803858087144,89.43747470659652,EKA12,Hordaland (-2019),7452.0,74.54374664519592,9.98389694041868,84.5276435856146,9.420289855072465,6.052066559312936
Radøy ungdomsskole,2018,2018-19,Radøy ungdomsskule,Radøy ungdomsskule,Radøy ( - 2019),Hordaland ( - 2019),1260,12,975299163,MAT0010,Matematikk 10. årstrinn,3.7,4.1,26,26,3.7,4.1,26.0,26.0,False,False,False,False,2019/2020,2019,2019,1,2019,0,-1.0,-1.0,Cohort 2019,3.6,3.4,5129,20.1,30.0,57867.0,12,Hordaland (-2019),7501.0,5336.0,71.13718170910546,7.012398346887082,71.35048660178643,78.36288494867351,10.878549526729769,4.8793494200773235,5.879216104519398,89.24143447540328,EKA12,Hordaland (-2019),7496.0,74.4530416221985,10.08537886872999,84.53842049092849,9.231590181430096,6.229989327641409
Radøy ungdomsskole,2019,2019-20,Radøy ungdomsskule,Radøy ungdomsskule,Radøy ( - 2019),Hordaland ( - 2019),1260,12,975299163,MAT0010,Matematikk 10. årstrinn,3.7,3.6,32,21,3.7,3.6,32.0,21.0,False,False,False,False,2019/2020,2019,2019,1,2019,1,0.0,0.0,Cohort 2019,3.7,4.1,5091,19.7,32.0,60031.0,12,Hordaland (-2019),7546.0,5524.0,73.20434667373443,8.481314603763582,70.79247283328915,79.27378743705275,10.707659687251523,4.717731248343493,5.3008216273522395,89.98144712430427,EKA12,Hordaland (-2019),7554.0,75.12576118612657,9.796134498279057,84.92189568440561,9.120995499073338,5.957108816521049
Rennebu ungdomsskole,2007,2007-08,Rennebu barne- og ungdomsskole,Rennebu barne- og ungdomsskole,Rennebu ( - 2017),Sør-Trøndelag ( - 2017),1635,16,975282686,MAT0010,Matematikk 10. årstrinn,2.4,3.3,15,21,2.4,3.3,15.0,21.0,False,False,False,False,2018,2018,2018,1,2018,0,-11.0,-11.0,Cohort 2018,2.4,3.3,2635,14.6,5.0,,,,,,,,,,,,,,,,,,,,,
Rennebu ungdomsskole,2008,2008-09,Rennebu barne- og ungdomsskole,Rennebu barne- og ungdomsskole,Rennebu ( - 2017),Sør-Trøndelag ( - 2017),1635,16,975282686,MAT0010,Matematikk 10. årstrinn,3.3,3.2,17,17,3.3,3.2,17.0,17.0,False,False,False,False,2018,2018,2018,1,2018,0,-10.0,-10.0,Cohort 2018,3.3,3.2,2594,15.0,7.0,,,,,,,,,,,,,,,,,,,,,
Rennebu ungdomsskole,2009,2009-10,Rennebu barne- og ungdomsskole,Rennebu barne- og ungdomsskole,Rennebu ( - 2017),Sør-Trøndelag ( - 2017),1635,16,975282686,MAT0010,Matematikk 10. årstrinn,3.6,3.6,22,18,3.6,3.6,22.0,18.0,False,False,False,False,2018,2018,2018,1,2018,0,-9.0,-9.0,Cohort 2018,3.6,3.6,2621,15.6,6.0,,,,,,,,,,,,,,,,,,,,,
Rennebu ungdomsskole,2010,2010-11,Rennebu barne- og ungdomsskole,Rennebu barne- og ungdomsskole,Rennebu ( - 2017),Sør-Trøndelag ( - 2017),1635,16,975282686,MAT0010,Matematikk 10. årstrinn,3.8,3.2,18,10,3.8,3.2,18.0,10.0,False,False,False,False,2018,2018,2018,1,2018,0,-8.0,-8.0,Cohort 2018,3.8,3.2,2622,15.9,9.0,,,,,,,,,,,,,,,,,,,,,
Rennebu ungdomsskole,2011,2011-12,Rennebu barne- og ungdomsskole,Rennebu barne- og ungdomsskole,Rennebu ( - 2017),Sør-Trøndelag ( - 2017),1635,16,975282686,MAT0010,Matematikk 10. årstrinn,2.9,3.4,20,15,2.9,3.4,20.0,15.0,False,False,False,False,2018,2018,2018,1,2018,0,-7.0,-7.0,Cohort 2018,2.9,3.4,2629,15.7,12.0,,,,,,,,,,,,,,,,,,,,,
Rennebu ungdomsskole,2012,2012-13,Rennebu barne- og ungdomsskole,Rennebu barne- og ungdomsskole,Rennebu ( - 2017),Sør-Trøndelag ( - 2017),1635,16,975282686,MAT0010,Matematikk 10. årstrinn,3.4,3.5,19,10,3.4,3.5,19.0,10.0,False,False,False,False,2018,2018,2018,1,2018,0,-6.0,-6.0,Cohort 2018,3.4,3.5,2569,16.1,14.0,,,,,,,,,,,,,,,,,,,,,
Rennebu ungdomsskole,2013,2013-14,Rennebu barne- og ungdomsskole,Rennebu barne- og ungdomsskole,Rennebu ( - 2017),Sør-Trøndelag ( - 2017),1635,16,975282686,MAT0010,Matematikk 10. årstrinn,3.5,3.6,12,16,3.5,3.6,12.0,16.0,False,False,False,False,2018,2018,2018,1,2018,0,-5.0,-5.0,Cohort 2018,3.5,3.6,2534,16.5,17.0,,,,,,,,,,,,,,,,,,,,,
Rennebu ungdomsskole,2014,2014-15,Rennebu barne- og ungdomsskole,Rennebu barne- og ungdomsskole,Rennebu ( - 2017),Sør-Trøndelag ( - 2017),1635,16,975282686,MAT0010,Matematikk 10. årstrinn,2.9,3.5,28,15,2.9,3.5,28.0,15.0,False,False,False,False,2018,2018,2018,1,2018,0,-4.0,-4.0,Cohort 2018,2.9,3.5,2556,16.9,19.0,,,,,,,,,,,,,,,,,,,,,
Rennebu ungdomsskole,2015,2015-16,Rennebu barne- og ungdomsskole,Rennebu barne- og ungdomsskole,Rennebu ( - 2017),Sør-Trøndelag ( - 2017),1635,16,975282686,MAT0010,Matematikk 10. årstrinn,3,3.7,19,18,3.0,3.7,19.0,18.0,False,False,False,False,2018,2018,2018,1,2018,0,-3.0,-3.0,Cohort 2018,3.0,3.7,2567,17.3,21.0,58003.0,16,Sør-Trøndelag (-2017),4277.0,2784.0,65.09235445405658,7.926116436754735,69.30091185410335,77.22702829085807,12.228197334580313,5.868599485620763,4.676174888940846,89.4552256254384,EKA16,Sør-Trøndelag (-2017),4234.0,75.9565422768068,11.691072272083137,87.64761454888995,7.7468115257439765,4.605573925366084
Rennebu ungdomsskole,2016,2016-17,Rennebu barne- og ungdomsskole,Rennebu barne- og ungdomsskole,Rennebu ( - 2017),Sør-Trøndelag ( - 2017),1635,16,975282686,MAT0010,Matematikk 10. årstrinn,3.2,3.8,17,12,3.2,3.8,17.0,12.0,False,False,False,False,2018,2018,2018,1,2018,0,-2.0,-2.0,Cohort 2018,3.2,3.8,2562,17.8,22.0,61672.0,16,Sør-Trøndelag (-2017),4344.0,2896.0,66.66666666666666,8.701657458563536,68.43922651933701,77.14088397790056,13.075506445672191,5.3406998158379375,4.442909760589318,90.21639042357275,EKA16,Sør-Trøndelag (-2017),4287.0,75.99720083974807,12.549568462794495,88.54676930254257,6.927921623512947,4.5253090739444835
Rennebu ungdomsskole,2017,2017-18,Rennebu barne- og ungdomsskole,Rennebu barne- og ungdomsskole,Rennebu ( - 2017),Sør-Trøndelag ( - 2017),1635,16,975282686,MAT0010,Matematikk 10. årstrinn,2.6,3.1,14,16,2.6,3.1,14.0,16.0,False,False,False,False,2018,2018,2018,1,2018,0,-1.0,-1.0,Cohort 2018,2.6,3.1,2556,17.9,22.0,63314.0,16,Sør-Trøndelag (-2017),4435.0,3042.0,68.59075535512964,9.988726042841037,67.26042841037204,77.24915445321308,12.73957158962796,5.231116121758737,4.780157835400225,89.98872604284104,EKA16,Sør-Trøndelag (-2017),4373.0,76.35490509947405,12.188428996112508,88.54333409558656,6.928881774525497,4.527784129887949
Rennebu ungdomsskole,2018,2018-19,Rennebu barne- og ungdomsskole,Rennebu barne- og ungdomsskole,Rennebu,Trøndelag - Trööndelage,5022,50,975282686,MAT0010,Matematikk 10. årstrinn,3.4,3.8,14,16,3.4,3.8,14.0,16.0,False,False,False,False,2018,2018,2018,1,2018,1,0.0,0.0,Cohort 2018,3.4,3.8,2541,18.3,23.0,65329.0,50,Trøndelag - Trööndelage,6842.0,4723.0,69.02952353113125,9.310143232972814,69.64337912890967,78.95352236188249,11.356328558900906,4.399298450745396,5.290850628471207,90.30985092078339,EKA50,Trøndelag - Trööndelage,6711.0,77.73804202056326,10.952168082253017,88.69021010281627,6.183877216510207,5.125912680673521
Rennebu ungdomsskole,2019,2019-20,Rennebu barne- og ungdomsskole,Rennebu barne- og ungdomsskole,Rennebu,Trøndelag - Trööndelage,5022,50,975282686,MAT0010,Matematikk 10. årstrinn,3.6,3.8,17,13,3.6,3.8,17.0,13.0,False,False,False,False,2018,2018,2018,1,2018,1,1.0,1.0,Cohort 2018,3.6,3.8,2501,18.4,25.0,67013.0,50,Trøndelag - Trööndelage,6923.0,4818.0,69.59410660118446,10.602340026000288,69.37743752708363,79.97977755308392,11.61346237180413,4.015600173335259,4.391159901776687,91.59323992488805,EKA50,Trøndelag - Trööndelage,6772.0,78.76550502067336,11.163614884819847,89.92911990549321,5.80330773774365,4.267572356763143
Rennebu ungdomsskole,2020,2020-21,Rennebu barne- og ungdomsskole,Rennebu barne- og ungdomsskole,Rennebu,Trøndelag - Trööndelage,5022,50,975282686,MAT0010,Matematikk 10. årstrinn,3.1,3.3,14,11,3.1,3.3,14.0,11.0,False,False,False,False,2018,2018,2018,1,2018,1,2.0,2.0,Cohort 2018,3.1,3.3,2486,18.8,26.0,70381.0,50,Trøndelag - Trööndelage,6929.0,4873.0,70.3276086015298,12.036368884398902,68.4081397026988,80.4445085870977,11.069418386491558,4.0265550584499925,4.459517967960744,91.51392697358926,EKA50,Trøndelag - Trööndelage,6782.0,80.9938071365379,9.879091713358891,90.87289884989679,3.5535240342081984,5.5735771158950165
Rossfjord skole,2007,2007-08,Rossfjord barne- og ungdomsskole,Rossfjord barne- og ungdomsskole,Lenvik ( - 2019),Troms - Romsa ( - 2019),1931,19,975285359,MAT0010,Matematikk 10. årstrinn,3.3,3.4,6,7,3.3,3.4,6.0,7.0,False,False,False,False,2016,2016,2016,1,2016,0,-9.0,-9.0,Cohort 2016,3.8,3.9,11027,17.5,7.0,,,,,,,,,,,,,,,,,,,,,
Rossfjord skole,2008,2008-09,Rossfjord barne- og ungdomsskole,Rossfjord barne- og ungdomsskole,Lenvik ( - 2019),Troms - Romsa ( - 2019),1931,19,975285359,MAT0010,Matematikk 10. årstrinn,3.8,3.9,11,10,3.8,3.9,11.0,10.0,False,False,False,False,2016,2016,2016,1,2016,0,-8.0,-8.0,Cohort 2016,3.2,4.3,11160,18.1,10.0,,,,,,,,,,,,,,,,,,,,,
Rossfjord skole,2009,2009-10,Rossfjord barne- og ungdomsskole,Rossfjord barne- og ungdomsskole,Lenvik ( - 2019),Troms - Romsa ( - 2019),1931,19,975285359,MAT0010,Matematikk 10. årstrinn,3.2,4.3,6,8,3.2,4.3,6.0,8.0,False,False,False,False,2016,2016,2016,1,2016,0,-7.0,-7.0,Cohort 2016,4.1,3.6,11207,18.8,9.0,,,,,,,,,,,,,,,,,,,,,
Rossfjord skole,2010,2010-11,Rossfjord barne- og ungdomsskole,Rossfjord barne- og ungdomsskole,Lenvik ( - 2019),Troms - Romsa ( - 2019),1931,19,975285359,MAT0010,Matematikk 10. årstrinn,4.1,3.6,9,8,4.1,3.6,9.0,8.0,False,False,False,False,2016,2016,2016,1,2016,0,-6.0,-6.0,Cohort 2016,,,11243,19.1,12.0,,,,,,,,,,,,,,,,,,,,,
Rossfjord skole,2011,2011-12,Rossfjord barne- og ungdomsskole,Rossfjord barne- og ungdomsskole,Lenvik ( - 2019),Troms - Romsa ( - 2019),1931,19,975285359,MAT0010,Matematikk 10. årstrinn,*,*,*,*,,,,,True,True,True,True,2016,2016,2016,1,2016,0,-5.0,-5.0,Cohort 2016,,,11294,19.6,14.0,,,,,,,,,,,,,,,,,,,,,
Rossfjord skole,2012,2012-13,Rossfjord barne- og ungdomsskole,Rossfjord barne- og ungdomsskole,Lenvik ( - 2019),Troms - Romsa ( - 2019),1931,19,975285359,MAT0010,Matematikk 10. årstrinn,*,*,*,*,,,,,True,True,True,True,2016,2016,2016,1,2016,0,-4.0,-4.0,Cohort 2016,,,11345,20.200000000000003,17.0,,,,,,,,,,,,,,,,,,,,,
Rossfjord skole,2013,2013-14,Rossfjord barne- og ungdomsskole,Rossfjord barne- og ungdomsskole,Lenvik ( - 2019),Troms - Romsa ( - 2019),1931,19,975285359,MAT0010,Matematikk 10. årstrinn,*,*,*,*,,,,,True,True,True,True,2016,2016,2016,1,2016,0,-3.0,-3.0,Cohort 2016,,,11455,20.6,19.0,,,,,,,,,,,,,,,,,,,,,
Rossfjord skole,2014,2014-15,Rossfjord barne- og ungdomsskole,Rossfjord barne- og ungdomsskole,Lenvik ( - 2019),Troms - Romsa ( - 2019),1931,19,975285359,MAT0010,Matematikk 10. årstrinn,3.5,3.4,11,8,3.5,3.4,11.0,8.0,False,False,False,False,2016,2016,2016,1,2016,0,-2.0,-2.0,Cohort 2016,3.5,3.4,11557,21.3,22.0,,,,,,,,,,,,,,,,,,,,,
Rossfjord skole,2015,2015-16,Rossfjord barne- og ungdomsskole,Rossfjord barne- og ungdomsskole,Lenvik ( - 2019),Troms - Romsa ( - 2019),1931,19,975285359,MAT0010,Matematikk 10. årstrinn,*,*,*,*,,,,,True,True,True,True,2016,2016,2016,1,2016,0,-1.0,-1.0,Cohort 2016,,,11535,21.6,24.0,56322.0,19,Troms - Romsa (-2019),2674.0,1856.0,69.4091249065071,5.983545250560957,70.86761406133134,76.85115931189229,9.536275243081525,4.973821989528796,8.638743455497382,86.38743455497382,EKA19,Troms - Romsa (-2019),2619.0,75.67773959526536,9.278350515463918,84.95609011072929,6.643757159221077,8.400152730049637
Rossfjord skole,2016,2016-17,Rossfjord barne- og ungdomsskole,Rossfjord barne- og ungdomsskole,Lenvik ( - 2019),Troms - Romsa ( - 2019),1931,19,975285359,MAT0010,Matematikk 10. årstrinn,*,*,*,*,,,,,True,True,True,True,2016,2016,2016,1,2016,1,0.0,0.0,Cohort 2016,,,11618,22.4,25.0,58405.0,19,Troms - Romsa (-2019),2692.0,1899.0,70.54234769687965,7.392273402674592,68.23922734026746,75.63150074294205,9.583952451708768,4.86627043090639,9.918276374442794,85.21545319465082,EKA19,Troms - Romsa (-2019),2620.0,74.61832061068702,9.31297709923664,83.93129770992367,6.8320610687022905,9.236641221374047
Rossfjord skole,2017,2017-18,Rossfjord barne- og ungdomsskole,Rossfjord barne- og ungdomsskole,Lenvik ( - 2019),Troms - Romsa ( - 2019),1931,19,975285359,MAT0010,Matematikk 10. årstrinn,*,*,*,*,,,,,True,True,True,True,2016,2016,2016,1,2016,1,1.0,1.0,Cohort 2016,,,11697,22.5,26.0,60380.0,19,Troms - Romsa (-2019),2720.0,1907.0,70.11029411764706,9.375,66.50735294117646,75.88235294117646,9.558823529411764,5.257352941176471,9.301470588235293,85.44117647058823,EKA19,Troms - Romsa (-2019),2666.0,74.56864216054014,9.264816204051012,83.83345836459115,7.351837959489872,8.81470367591898
Rossfjord skole,2018,2018-19,Rossfjord barne- og ungdomsskole,Rossfjord barne- og ungdomsskole,Lenvik ( - 2019),Troms - Romsa ( - 2019),1931,19,975285359,MAT0010,Matematikk 10. årstrinn,*,*,*,*,,,,,True,True,True,True,2016,2016,2016,1,2016,1,2.0,2.0,Cohort 2016,,,11644,23.1,28.0,61452.0,19,Troms - Romsa (-2019),2744.0,1926.0,70.18950437317784,11.18804664723032,63.84839650145773,75.03644314868805,9.693877551020408,5.174927113702624,10.09475218658892,84.73032069970844,EKA19,Troms - Romsa (-2019),2679.0,73.60955580440462,9.40649496080627,83.0160507652109,7.316162747293767,9.667786487495334
Rossfjord skole,2019,2019-20,Rossfjord barne- og ungdomsskole,Rossfjord barne- og ungdomsskole,Lenvik ( - 2019),Troms - Romsa ( - 2019),1931,19,975285359,MAT0010,Matematikk 10. årstrinn,*,*,*,*,,,,,True,True,True,True,2016,2016,2016,1,2016,1,3.0,3.0,Cohort 2016,,,11679,23.4,31.0,64545.0,19,Troms - Romsa (-2019),2775.0,1961.0,70.66666666666667,13.405405405405405,60.86486486486486,74.27027027027026,10.91891891891892,4.54054054054054,10.27027027027027,85.18918918918918,EKA19,Troms - Romsa (-2019),2703.0,72.99297077321495,10.543840177580465,83.53681095079541,6.326304106548279,10.136884942656307
Rossfjord skole,2020,2020-21,Rossfjord barne- og ungdomsskole,Rossfjord barne- og ungdomsskole,Senja (2020 - 2023),Troms og Finnmark - Romsa ja Finnmárku - Tromssa ja Finmarkku (2020 - 2023),5421,54,975285359,MAT0010,Matematikk 10. årstrinn,3.6,3.2,8,6,3.6,3.2,8.0,6.0,False,False,False,False,2016,2016,2016,1,2016,1,4.0,4.0,Cohort 2016,3.6,3.2,14851,23.0,30.0,73999.0,54,Troms og Finnmark - Romsa ja Finnmárku (2020-2023),4124.0,3000.0,72.74490785645004,14.03976721629486,60.96023278370514,75.0,10.66925315227934,5.140640155189137,9.190106692531524,85.66925315227934,EKA54,Troms og Finnmark - Romsa ja Finnmárku (2020-2023),4063.0,74.9938469111494,9.968003937976864,84.96185084912626,4.77479694806793,10.263352202805809
Senjahopen skole,2007,2007-08,Senjahopen skole,Senjahopen skole,Berg ( - 2019),Troms - Romsa ( - 2019),1929,19,974061651,MAT0010,Matematikk 10. årstrinn,*,*,*,*,,,,,True,True,True,True,2016,2016,2016,1,2016,0,-9.0,-9.0,Cohort 2016,,,962,13.0,8.0,,,,,,,,,,,,,,,,,,,,,
Senjahopen skole,2008,2008-09,Senjahopen skole,Senjahopen skole,Berg ( - 2019),Troms - Romsa ( - 2019),1929,19,974061651,MAT0010,Matematikk 10. årstrinn,*,*,*,*,,,,,True,True,True,True,2016,2016,2016,1,2016,0,-8.0,-8.0,Cohort 2016,,,937,13.9,10.0,,,,,,,,,,,,,,,,,,,,,
Senjahopen skole,2009,2009-10,Senjahopen skole,Senjahopen skole,Berg ( - 2019),Troms - Romsa ( - 2019),1929,19,974061651,MAT0010,Matematikk 10. årstrinn,3.4,4,7,8,3.4,4.0,7.0,8.0,False,False,False,False,2016,2016,2016,1,2016,0,-7.0,-7.0,Cohort 2016,3.4,4.0,942,13.5,9.0,,,,,,,,,,,,,,,,,,,,,
Senjahopen skole,2010,2010-11,Senjahopen skole,Senjahopen skole,Berg ( - 2019),Troms - Romsa ( - 2019),1929,19,974061651,MAT0010,Matematikk 10. årstrinn,*,*,*,*,,,,,True,True,True,True,2016,2016,2016,1,2016,0,-6.0,-6.0,Cohort 2016,,,926,13.7,12.0,,,,,,,,,,,,,,,,,,,,,
Senjahopen skole,2011,2011-12,Senjahopen skole,Senjahopen skole,Berg ( - 2019),Troms - Romsa ( - 2019),1929,19,974061651,MAT0010,Matematikk 10. årstrinn,*,,*,,,,,,True,False,True,False,2016,2016,2016,1,2016,0,-5.0,-5.0,Cohort 2016,,,907,13.5,15.0,,,,,,,,,,,,,,,,,,,,,
Senjahopen skole,2012,2012-13,Senjahopen skole,Senjahopen skole,Berg ( - 2019),Troms - Romsa ( - 2019),1929,19,974061651,MAT0010,Matematikk 10. årstrinn,*,*,*,*,,,,,True,True,True,True,2016,2016,2016,1,2016,0,-4.0,-4.0,Cohort 2016,,,887,13.4,15.0,,,,,,,,,,,,,,,,,,,,,
Senjahopen skole,2013,2013-14,Senjahopen skole,Senjahopen skole,Berg ( - 2019),Troms - Romsa ( - 2019),1929,19,974061651,MAT0010,Matematikk 10. årstrinn,*,*,*,*,,,,,True,True,True,True,2016,2016,2016,1,2016,0,-3.0,-3.0,Cohort 2016,,,924,13.8,20.0,,,,,,,,,,,,,,,,,,,,,
Senjahopen skole,2014,2014-15,Senjahopen skole,Senjahopen skole,Berg ( - 2019),Troms - Romsa ( - 2019),1929,19,974061651,MAT0010,Matematikk 10. årstrinn,*,*,*,*,,,,,True,True,True,True,2016,2016,2016,1,2016,0,-2.0,-2.0,Cohort 2016,,,918,15.6,17.0,,,,,,,,,,,,,,,,,,,,,
Senjahopen skole,2015,2015-16,Senjahopen skole,Senjahopen skole,Berg ( - 2019),Troms - Romsa ( - 2019),1929,19,974061651,MAT0010,Matematikk 10. årstrinn,*,*,*,*,,,,,True,True,True,True,2016,2016,2016,1,2016,0,-1.0,-1.0,Cohort 2016,,,905,15.7,20.0,70396.0,19,Troms - Romsa (-2019),2674.0,1856.0,69.4091249065071,5.983545250560957,70.86761406133134,76.85115931189229,9.536275243081525,4.973821989528796,8.638743455497382,86.38743455497382,EKA19,Troms - Romsa (-2019),2619.0,75.67773959526536,9.278350515463918,84.95609011072929,6.643757159221077,8.400152730049637
Senjahopen skole,2016,2016-17,Senjahopen skole,Senjahopen skole,Berg ( - 2019),Troms - Romsa ( - 2019),1929,19,974061651,MAT0010,Matematikk 10. årstrinn,*,*,*,*,,,,,True,True,True,True,2016,2016,2016,1,2016,1,0.0,0.0,Cohort 2016,,,915,17.0,21.0,74127.0,19,Troms - Romsa (-2019),2692.0,1899.0,70.54234769687965,7.392273402674592,68.23922734026746,75.63150074294205,9.583952451708768,4.86627043090639,9.918276374442794,85.21545319465082,EKA19,Troms - Romsa (-2019),2620.0,74.61832061068702,9.31297709923664,83.93129770992367,6.8320610687022905,9.236641221374047
Skarpengland skole,2007,2007-08,Skarpengland skole,Skarpengland skole,Vennesla ( - 2019),Vest-Agder ( - 2019),1014,10,875267582,MAT0010,Matematikk 10. årstrinn,2.8,3.6,17,12,2.8,3.6,17.0,12.0,False,False,False,False,2017,2017,2017,1,2017,0,-10.0,-10.0,Cohort 2017,2.8,3.6,12555,14.1,8.0,,,,,,,,,,,,,,,,,,,,,
Skarpengland skole,2008,2008-09,Skarpengland skole,Skarpengland skole,Vennesla ( - 2019),Vest-Agder ( - 2019),1014,10,875267582,MAT0010,Matematikk 10. årstrinn,3.7,3.2,20,14,3.7,3.2,20.0,14.0,False,False,False,False,2017,2017,2017,1,2017,0,-9.0,-9.0,Cohort 2017,3.7,3.2,12776,14.6,11.0,,,,,,,,,,,,,,,,,,,,,
Skarpengland skole,2009,2009-10,Skarpengland skole,Skarpengland skole,Vennesla ( - 2019),Vest-Agder ( - 2019),1014,10,875267582,MAT0010,Matematikk 10. årstrinn,3.7,3.4,15,24,3.7,3.4,15.0,24.0,False,False,False,False,2017,2017,2017,1,2017,0,-8.0,-8.0,Cohort 2017,3.7,3.4,12886,14.8,11.0,,,,,,,,,,,,,,,,,,,,,
Skarpengland skole,2010,2010-11,Skarpengland skole,Skarpengland skole,Vennesla ( - 2019),Vest-Agder ( - 2019),1014,10,875267582,MAT0010,Matematikk 10. årstrinn,3.9,3.6,20,21,3.9,3.6,20.0,21.0,False,False,False,False,2017,2017,2017,1,2017,0,-7.0,-7.0,Cohort 2017,3.9,3.6,13116,15.5,12.0,,,,,,,,,,,,,,,,,,,,,
Skarpengland skole,2011,2011-12,Skarpengland skole,Skarpengland skole,Vennesla ( - 2019),Vest-Agder ( - 2019),1014,10,875267582,MAT0010,Matematikk 10. årstrinn,3.7,4.1,12,23,3.7,4.1,12.0,23.0,False,False,False,False,2017,2017,2017,1,2017,0,-6.0,-6.0,Cohort 2017,3.7,4.1,13334,16.1,14.0,,,,,,,,,,,,,,,,,,,,,
Skarpengland skole,2012,2012-13,Skarpengland skole,Skarpengland skole,Vennesla ( - 2019),Vest-Agder ( - 2019),1014,10,875267582,MAT0010,Matematikk 10. årstrinn,2.8,3.7,13,21,2.8,3.7,13.0,21.0,False,False,False,False,2017,2017,2017,1,2017,0,-5.0,-5.0,Cohort 2017,2.8,3.7,13583,16.5,16.0,,,,,,,,,,,,,,,,,,,,,
Skarpengland skole,2013,2013-14,Skarpengland skole,Skarpengland skole,Vennesla ( - 2019),Vest-Agder ( - 2019),1014,10,875267582,MAT0010,Matematikk 10. årstrinn,3.1,3.2,22,26,3.1,3.2,22.0,26.0,False,False,False,False,2017,2017,2017,1,2017,0,-4.0,-4.0,Cohort 2017,3.1,3.2,13756,17.2,18.0,,,,,,,,,,,,,,,,,,,,,
Skarpengland skole,2014,2014-15,Skarpengland skole,Skarpengland skole,Vennesla ( - 2019),Vest-Agder ( - 2019),1014,10,875267582,MAT0010,Matematikk 10. årstrinn,3.7,3.3,15,20,3.7,3.3,15.0,20.0,False,False,False,False,2017,2017,2017,1,2017,0,-3.0,-3.0,Cohort 2017,3.7,3.3,13986,18.1,20.0,,,,,,,,,,,,,,,,,,,,,
Skarpengland skole,2015,2015-16,Skarpengland skole,Skarpengland skole,Vennesla ( - 2019),Vest-Agder ( - 2019),1014,10,875267582,MAT0010,Matematikk 10. årstrinn,3.6,3.2,13,11,3.6,3.2,13.0,11.0,False,False,False,False,2017,2017,2017,1,2017,0,-2.0,-2.0,Cohort 2017,3.6,3.2,14095,19.0,21.0,48423.0,10,Vest-Agder (-2019),2630.0,1625.0,61.78707224334601,4.220532319391635,76.27376425855513,80.49429657794677,11.140684410646388,3.6121673003802277,4.752851711026616,91.63498098859316,EKA10,Vest-Agder (-2019),2686.0,76.06105733432614,10.461653015636635,86.52271034996278,8.897989575577066,4.579300074460164
Skarpengland skole,2016,2016-17,Skarpengland skole,Skarpengland skole,Vennesla ( - 2019),Vest-Agder ( - 2019),1014,10,875267582,MAT0010,Matematikk 10. årstrinn,3.1,3.1,16,14,3.1,3.1,16.0,14.0,False,False,False,False,2017,2017,2017,1,2017,0,-1.0,-1.0,Cohort 2017,3.1,3.1,14308,19.4,22.0,50600.0,10,Vest-Agder (-2019),2680.0,1727.0,64.44029850746269,4.067164179104477,75.82089552238806,79.88805970149254,11.194029850746269,3.9179104477611943,5.0,91.08208955223881,EKA10,Vest-Agder (-2019),2732.0,75.25622254758419,10.651537335285505,85.9077598828697,9.077598828696926,5.014641288433382
Skarpengland skole,2017,2017-18,Skarpengland skole,Skarpengland skole,Vennesla ( - 2019),Vest-Agder ( - 2019),1014,10,875267582,MAT0010,Matematikk 10. årstrinn,3,2.8,22,12,3.0,2.8,22.0,12.0,False,False,False,False,2017,2017,2017,1,2017,1,0.0,0.0,Cohort 2017,3.0,2.8,14425,19.8,24.0,52329.0,10,Vest-Agder (-2019),2712.0,1791.0,66.03982300884957,4.904129793510324,75.22123893805309,80.12536873156341,10.84070796460177,3.5766961651917404,5.457227138643068,90.96607669616519,EKA10,Vest-Agder (-2019),2746.0,75.67370721048799,10.23306627822287,85.90677348871085,8.63073561544064,5.462490895848507
Skarpengland skole,2018,2018-19,Skarpengland skole,Skarpengland skole,Vennesla ( - 2019),Vest-Agder ( - 2019),1014,10,875267582,MAT0010,Matematikk 10. årstrinn,3.3,3.2,23,20,3.3,3.2,23.0,20.0,False,False,False,False,2017,2017,2017,1,2017,1,1.0,1.0,Cohort 2017,3.3,3.2,14532,20.3,26.0,54012.0,10,Vest-Agder (-2019),2806.0,1927.0,68.67426942266572,5.5238774055595155,75.2672843905916,80.7911617961511,11.083392729864576,3.0648610121168924,5.0605844618674265,91.87455452601569,EKA10,Vest-Agder (-2019),2818.0,76.86302342086586,10.681334279630944,87.54435770049682,7.416607523066005,5.039034776437189
Skarpengland skole,2019,2019-20,Skarpengland skole,Skarpengland skole,Vennesla ( - 2019),Vest-Agder ( - 2019),1014,10,875267582,MAT0010,Matematikk 10. årstrinn,3.5,3.1,14,23,3.5,3.1,14.0,23.0,False,False,False,False,2017,2017,2017,1,2017,1,2.0,2.0,Cohort 2017,3.5,3.1,14630,20.8,29.0,56112.0,10,Vest-Agder (-2019),2862.0,1997.0,69.77638015373864,6.114605171208945,74.7728860936408,80.88749126484976,11.215932914046121,3.284416491963662,4.612159329140461,92.10342417889588,EKA10,Vest-Agder (-2019),2866.0,77.28541521284019,10.851360781577112,88.1367759944173,7.083042568039079,4.7801814375436145
Skarpengland skole,2020,2020-21,Skarpengland skole,Skarpengland skole,Vennesla,Agder,4223,42,875267582,MAT0010,Matematikk 10. årstrinn,3.8,3.8,15,20,3.8,3.8,15.0,20.0,False,False,False,False,2017,2017,2017,1,2017,1,3.0,3.0,Cohort 2017,,3.8,14774,21.200000000000003,29.0,57401.0,42,Agder,4703.0,3313.0,70.44439719328088,7.10184988305337,73.88900701679779,80.99085689985117,10.886668084201572,3.8060812247501596,4.316393791197108,91.87752498405273,EKA42,Agder,4597.0,81.33565368718729,10.332825755927779,91.66847944311507,3.2194909723732867,5.112029584511638
Skarpengland skole,2021,2021-22,Skarpengland skole,Skarpengland skole,Vennesla,Agder,4223,42,875267582,MAT0010,Matematikk 10. årstrinn,,,,,,,,,False,False,False,False,2017,2017,2017,1,2017,1,4.0,4.0,Cohort 2017,,3.8,14935,21.6,32.0,62395.0,42,Agder,4816.0,3396.0,70.51495016611295,8.471760797342192,70.63953488372093,79.11129568106313,12.271594684385382,4.049003322259137,4.568106312292359,91.3828903654485,EKA42,Agder,4729.0,78.93846479171071,11.799534785366886,90.73799957707762,3.552548107422288,5.709452315500106
Vegårshei skule,2007,2007-08,Vegårshei skule,Vegårshei skule,Vegårshei ( - 2019),Aust-Agder ( - 2019),912,9,975289850,MAT0010,Matematikk 10. årstrinn,3.5,4,12,11,3.5,4.0,12.0,11.0,False,False,False,False,2018,2018,2018,1,2018,0,-11.0,-11.0,Cohort 2018,3.5,4.0,1864,17.5,7.0,,,,,,,,,,,,,,,,,,,,,
Vegårshei skule,2008,2008-09,Vegårshei skule,Vegårshei skule,Vegårshei ( - 2019),Aust-Agder ( - 2019),912,9,975289850,MAT0010,Matematikk 10. årstrinn,3.6,4,14,11,3.6,4.0,14.0,11.0,False,False,False,False,2018,2018,2018,1,2018,0,-10.0,-10.0,Cohort 2018,3.6,4.0,1884,18.6,11.0,,,,,,,,,,,,,,,,,,,,,
Vegårshei skule,2009,2009-10,Vegårshei skule,Vegårshei skule,Vegårshei ( - 2019),Aust-Agder ( - 2019),912,9,975289850,MAT0010,Matematikk 10. årstrinn,4.1,4,19,11,4.1,4.0,19.0,11.0,False,False,False,False,2018,2018,2018,1,2018,0,-9.0,-9.0,Cohort 2018,4.1,4.0,1881,19.9,12.0,,,,,,,,,,,,,,,,,,,,,
Vegårshei skule,2010,2010-11,Vegårshei skule,Vegårshei skule,Vegårshei ( - 2019),Aust-Agder ( - 2019),912,9,975289850,MAT0010,Matematikk 10. årstrinn,3,3.8,14,10,3.0,3.8,14.0,10.0,False,False,False,False,2018,2018,2018,1,2018,0,-8.0,-8.0,Cohort 2018,3.0,3.8,1886,20.6,11.0,,,,,,,,,,,,,,,,,,,,,
Vegårshei skule,2011,2011-12,Vegårshei skule,Vegårshei skule,Vegårshei ( - 2019),Aust-Agder ( - 2019),912,9,975289850,MAT0010,Matematikk 10. årstrinn,4.1,3.6,15,14,4.1,3.6,15.0,14.0,False,False,False,False,2018,2018,2018,1,2018,0,-7.0,-7.0,Cohort 2018,4.1,3.6,1922,20.2,14.0,,,,,,,,,,,,,,,,,,,,,
Vegårshei skule,2012,2012-13,Vegårshei skule,Vegårshei skule,Vegårshei ( - 2019),Aust-Agder ( - 2019),912,9,975289850,MAT0010,Matematikk 10. årstrinn,3.2,3.9,13,17,3.2,3.9,13.0,17.0,False,False,False,False,2018,2018,2018,1,2018,0,-6.0,-6.0,Cohort 2018,3.2,3.9,1933,21.1,15.0,,,,,,,,,,,,,,,,,,,,,
Vegårshei skule,2013,2013-14,Vegårshei skule,Vegårshei skule,Vegårshei ( - 2019),Aust-Agder ( - 2019),912,9,975289850,MAT0010,Matematikk 10. årstrinn,3.4,4.2,13,15,3.4,4.2,13.0,15.0,False,False,False,False,2018,2018,2018,1,2018,0,-5.0,-5.0,Cohort 2018,3.4,4.2,1986,21.0,18.0,,,,,,,,,,,,,,,,,,,,,
Vegårshei skule,2014,2014-15,Vegårshei skule,Vegårshei skule,Vegårshei ( - 2019),Aust-Agder ( - 2019),912,9,975289850,MAT0010,Matematikk 10. årstrinn,2.8,3.8,10,16,2.8,3.8,10.0,16.0,False,False,False,False,2018,2018,2018,1,2018,0,-4.0,-4.0,Cohort 2018,2.8,3.8,2000,22.0,18.0,,,,,,,,,,,,,,,,,,,,,
Vegårshei skule,2015,2015-16,Vegårshei skule,Vegårshei skule,Vegårshei ( - 2019),Aust-Agder ( - 2019),912,9,975289850,MAT0010,Matematikk 10. årstrinn,3.5,4.6,11,9,3.5,4.6,11.0,9.0,False,False,False,False,2018,2018,2018,1,2018,0,-3.0,-3.0,Cohort 2018,3.5,4.6,2018,23.1,19.0,62455.0,09,Aust-Agder (-2019),1712.0,1096.0,64.01869158878505,4.147196261682243,74.35747663551402,78.50467289719626,10.338785046728972,5.490654205607477,5.66588785046729,88.84345794392523,EKA09,Aust-Agder (-2019),1711.0,76.0374050263004,9.35125657510228,85.38866160140269,8.825248392752776,5.786090005844535
Vegårshei skule,2016,2016-17,Vegårshei skule,Vegårshei skule,Vegårshei ( - 2019),Aust-Agder ( - 2019),912,9,975289850,MAT0010,Matematikk 10. årstrinn,3.4,3.2,16,14,3.4,3.2,16.0,14.0,False,False,False,False,2018,2018,2018,1,2018,0,-2.0,-2.0,Cohort 2018,3.4,3.2,2036,23.6,19.0,62778.0,09,Aust-Agder (-2019),1746.0,1157.0,66.26575028636884,4.352806414662084,73.31042382588774,77.66323024054984,10.996563573883162,5.383734249713632,5.956471935853378,88.65979381443299,EKA09,Aust-Agder (-2019),1736.0,75.57603686635944,9.90783410138249,85.48387096774194,8.582949308755762,5.933179723502304
Vegårshei skule,2017,2017-18,Vegårshei skule,Vegårshei skule,Vegårshei ( - 2019),Aust-Agder ( - 2019),912,9,975289850,MAT0010,Matematikk 10. årstrinn,3.5,3,12,13,3.5,3.0,12.0,13.0,False,False,False,False,2018,2018,2018,1,2018,0,-1.0,-1.0,Cohort 2018,3.5,3.0,2104,23.6,23.0,65403.0,09,Aust-Agder (-2019),1792.0,1185.0,66.12723214285714,5.245535714285714,71.484375,76.72991071428571,11.328125,5.301339285714286,6.640625,88.05803571428571,EKA09,Aust-Agder (-2019),1759.0,75.04263786242184,10.574189880613986,85.61682774303581,8.129619101762366,6.253553155201819
Vegårshei skule,2018,2018-19,Vegårshei skule,Vegårshei skule,Vegårshei ( - 2019),Aust-Agder ( - 2019),912,9,975289850,MAT0010,Matematikk 10. årstrinn,3.9,3.3,16,12,3.9,3.3,16.0,12.0,False,False,False,False,2018,2018,2018,1,2018,1,0.0,0.0,Cohort 2018,3.9,3.3,2087,24.1,26.0,66213.0,09,Aust-Agder (-2019),1790.0,1241.0,69.32960893854748,5.754189944134079,71.89944134078212,77.6536312849162,10.949720670391061,5.027932960893855,6.368715083798883,88.60335195530726,EKA09,Aust-Agder (-2019),1750.0,76.0,9.885714285714284,85.88571428571429,8.0,6.114285714285715
Vegårshei skule,2019,2019-20,Vegårshei skule,Vegårshei skule,Vegårshei ( - 2019),Aust-Agder ( - 2019),912,9,975289850,MAT0010,Matematikk 10. årstrinn,3,3.1,12,17,3.0,3.1,12.0,17.0,False,False,False,False,2018,2018,2018,1,2018,1,1.0,1.0,Cohort 2018,3.0,3.1,2093,25.2,28.0,68380.0,09,Aust-Agder (-2019),1800.0,1243.0,69.05555555555556,5.944444444444445,71.61111111111111,77.55555555555556,11.0,5.555555555555555,5.888888888888888,88.55555555555556,EKA09,Aust-Agder (-2019),1751.0,76.18503712164477,9.822958309537407,86.00799543118218,8.338092518560822,5.653912050256996
Vegårshei skule,2020,2020-21,Vegårshei skule,Vegårshei skule,Vegårshei,Agder,4212,42,975289850,MAT0010,Matematikk 10. årstrinn,3.3,3.4,9,14,3.3,3.4,9.0,14.0,False,False,False,False,2018,2018,2018,1,2018,1,2.0,2.0,Cohort 2018,3.3,3.4,2097,25.2,31.0,69353.0,42,Agder,4703.0,3313.0,70.44439719328088,7.10184988305337,73.88900701679779,80.99085689985117,10.886668084201572,3.8060812247501596,4.316393791197108,91.87752498405273,EKA42,Agder,4597.0,81.33565368718729,10.332825755927779,91.66847944311507,3.2194909723732867,5.112029584511638
Vennesla ungdomsskole,2007,2007-08,Vennesla ungdomsskole,Vennesla ungdomsskole,Vennesla ( - 2019),Vest-Agder ( - 2019),1014,10,873844302,MAT0010,Matematikk 10. årstrinn,3.5,3.5,84,58,3.5,3.5,84.0,58.0,False,False,False,False,2017,2017,2017,1,2017,0,-10.0,-10.0,Cohort 2017,3.5,3.5,12555,14.1,8.0,,,,,,,,,,,,,,,,,,,,,
Vennesla ungdomsskole,2008,2008-09,Vennesla ungdomsskole,Vennesla ungdomsskole,Vennesla ( - 2019),Vest-Agder ( - 2019),1014,10,873844302,MAT0010,Matematikk 10. årstrinn,3.2,3.7,73,73,3.2,3.7,73.0,73.0,False,False,False,False,2017,2017,2017,1,2017,0,-9.0,-9.0,Cohort 2017,3.2,3.7,12776,14.6,11.0,,,,,,,,,,,,,,,,,,,,,
Vennesla ungdomsskole,2009,2009-10,Vennesla ungdomsskole,Vennesla ungdomsskole,Vennesla ( - 2019),Vest-Agder ( - 2019),1014,10,873844302,MAT0010,Matematikk 10. årstrinn,3.4,3.3,72,72,3.4,3.3,72.0,72.0,False,False,False,False,2017,2017,2017,1,2017,0,-8.0,-8.0,Cohort 2017,3.4,3.3,12886,14.8,11.0,,,,,,,,,,,,,,,,,,,,,
Vennesla ungdomsskole,2010,2010-11,Vennesla ungdomsskole,Vennesla ungdomsskole,Vennesla ( - 2019),Vest-Agder ( - 2019),1014,10,873844302,MAT0010,Matematikk 10. årstrinn,3.4,3.6,76,74,3.4,3.6,76.0,74.0,False,False,False,False,2017,2017,2017,1,2017,0,-7.0,-7.0,Cohort 2017,3.4,3.6,13116,15.5,12.0,,,,,,,,,,,,,,,,,,,,,
Vennesla ungdomsskole,2011,2011-12,Vennesla ungdomsskole,Vennesla ungdomsskole,Vennesla ( - 2019),Vest-Agder ( - 2019),1014,10,873844302,MAT0010,Matematikk 10. årstrinn,3.2,3.7,82,70,3.2,3.7,82.0,70.0,False,False,False,False,2017,2017,2017,1,2017,0,-6.0,-6.0,Cohort 2017,3.2,3.7,13334,16.1,14.0,,,,,,,,,,,,,,,,,,,,,
Vennesla ungdomsskole,2012,2012-13,Vennesla ungdomsskole,Vennesla ungdomsskole,Vennesla ( - 2019),Vest-Agder ( - 2019),1014,10,873844302,MAT0010,Matematikk 10. årstrinn,2.9,3.3,79,67,2.9,3.3,79.0,67.0,False,False,False,False,2017,2017,2017,1,2017,0,-5.0,-5.0,Cohort 2017,2.9,3.3,13583,16.5,16.0,,,,,,,,,,,,,,,,,,,,,
Vennesla ungdomsskole,2013,2013-14,Vennesla ungdomsskole,Vennesla ungdomsskole,Vennesla ( - 2019),Vest-Agder ( - 2019),1014,10,873844302,MAT0010,Matematikk 10. årstrinn,3.4,3.6,80,76,3.4,3.6,80.0,76.0,False,False,False,False,2017,2017,2017,1,2017,0,-4.0,-4.0,Cohort 2017,3.4,3.6,13756,17.2,18.0,,,,,,,,,,,,,,,,,,,,,
Vennesla ungdomsskole,2014,2014-15,Vennesla ungdomsskole,Vennesla ungdomsskole,Vennesla ( - 2019),Vest-Agder ( - 2019),1014,10,873844302,MAT0010,Matematikk 10. årstrinn,3,3.4,76,79,3.0,3.4,76.0,79.0,False,False,False,False,2017,2017,2017,1,2017,0,-3.0,-3.0,Cohort 2017,3.0,3.4,13986,18.1,20.0,,,,,,,,,,,,,,,,,,,,,
Vennesla ungdomsskole,2015,2015-16,Vennesla ungdomsskole,Vennesla ungdomsskole,Vennesla ( - 2019),Vest-Agder ( - 2019),1014,10,873844302,MAT0010,Matematikk 10. årstrinn,3.4,3.5,74,70,3.4,3.5,74.0,70.0,False,False,False,False,2017,2017,2017,1,2017,0,-2.0,-2.0,Cohort 2017,3.4,3.5,14095,19.0,21.0,48423.0,10,Vest-Agder (-2019),2630.0,1625.0,61.78707224334601,4.220532319391635,76.27376425855513,80.49429657794677,11.140684410646388,3.6121673003802277,4.752851711026616,91.63498098859316,EKA10,Vest-Agder (-2019),2686.0,76.06105733432614,10.461653015636635,86.52271034996278,8.897989575577066,4.579300074460164
Vennesla ungdomsskole,2016,2016-17,Vennesla ungdomsskole,Vennesla ungdomsskole,Vennesla ( - 2019),Vest-Agder ( - 2019),1014,10,873844302,MAT0010,Matematikk 10. årstrinn,3.3,3.3,78,63,3.3,3.3,78.0,63.0,False,False,False,False,2017,2017,2017,1,2017,0,-1.0,-1.0,Cohort 2017,3.3,3.3,14308,19.4,22.0,50600.0,10,Vest-Agder (-2019),2680.0,1727.0,64.44029850746269,4.067164179104477,75.82089552238806,79.88805970149254,11.194029850746269,3.9179104477611943,5.0,91.08208955223881,EKA10,Vest-Agder (-2019),2732.0,75.25622254758419,10.651537335285505,85.9077598828697,9.077598828696926,5.014641288433382
Vennesla ungdomsskole,2017,2017-18,Vennesla ungdomsskole,Vennesla ungdomsskole,Vennesla ( - 2019),Vest-Agder ( - 2019),1014,10,873844302,MAT0010,Matematikk 10. årstrinn,3.3,3.3,58,68,3.3,3.3,58.0,68.0,False,False,False,False,2017,2017,2017,1,2017,1,0.0,0.0,Cohort 2017,3.3,3.3,14425,19.8,24.0,52329.0,10,Vest-Agder (-2019),2712.0,1791.0,66.03982300884957,4.904129793510324,75.22123893805309,80.12536873156341,10.84070796460177,3.5766961651917404,5.457227138643068,90.96607669616519,EKA10,Vest-Agder (-2019),2746.0,75.67370721048799,10.23306627822287,85.90677348871085,8.63073561544064,5.462490895848507
Vennesla ungdomsskole,2018,2018-19,Vennesla ungdomsskole,Vennesla ungdomsskole,Vennesla ( - 2019),Vest-Agder ( - 2019),1014,10,873844302,MAT0010,Matematikk 10. årstrinn,2.9,3.6,54,64,2.9,3.6,54.0,64.0,False,False,False,False,2017,2017,2017,1,2017,1,1.0,1.0,Cohort 2017,2.9,3.6,14532,20.3,26.0,54012.0,10,Vest-Agder (-2019),2806.0,1927.0,68.67426942266572,5.5238774055595155,75.2672843905916,80.7911617961511,11.083392729864576,3.0648610121168924,5.0605844618674265,91.87455452601569,EKA10,Vest-Agder (-2019),2818.0,76.86302342086586,10.681334279630944,87.54435770049682,7.416607523066005,5.039034776437189
Vennesla ungdomsskole,2019,2019-20,Vennesla ungdomsskole,Vennesla ungdomsskole,Vennesla ( - 2019),Vest-Agder ( - 2019),1014,10,873844302,MAT0010,Matematikk 10. årstrinn,3.4,3.7,67,48,3.4,3.7,67.0,48.0,False,False,False,False,2017,2017,2017,1,2017,1,2.0,2.0,Cohort 2017,3.4,3.7,14630,20.8,29.0,56112.0,10,Vest-Agder (-2019),2862.0,1997.0,69.77638015373864,6.114605171208945,74.7728860936408,80.88749126484976,11.215932914046121,3.284416491963662,4.612159329140461,92.10342417889588,EKA10,Vest-Agder (-2019),2866.0,77.28541521284019,10.851360781577112,88.1367759944173,7.083042568039079,4.7801814375436145
Vennesla ungdomsskole,2020,2020-21,Vennesla ungdomsskole,Vennesla ungdomsskole,Vennesla,Agder,4223,42,873844302,MAT0010,Matematikk 10. årstrinn,3.3,3.4,75,89,3.3,3.4,75.0,89.0,False,False,False,False,2017,2017,2017,1,2017,1,3.0,3.0,Cohort 2017,3.3,3.4,14774,21.200000000000003,29.0,57401.0,42,Agder,4703.0,3313.0,70.44439719328088,7.10184988305337,73.88900701679779,80.99085689985117,10.886668084201572,3.8060812247501596,4.316393791197108,91.87752498405273,EKA42,Agder,4597.0,81.33565368718729,10.332825755927779,91.66847944311507,3.2194909723732867,5.112029584511638
Åmli skule,2007,2007-08,Åmli skule,Åmli skule,Åmli ( - 2019),Aust-Agder ( - 2019),929,9,975283291,MAT0010,Matematikk 10. årstrinn,3.1,2.5,10,8,3.1,2.5,10.0,8.0,False,False,False,False,2017,2017,2017,1,2017,0,-10.0,-10.0,Cohort 2017,3.1,2.5,1815,18.0,6.0,,,,,,,,,,,,,,,,,,,,,
Åmli skule,2008,2008-09,Åmli skule,Åmli skule,Åmli ( - 2019),Aust-Agder ( - 2019),929,9,975283291,MAT0010,Matematikk 10. årstrinn,2.5,2.7,12,14,2.5,2.7,12.0,14.0,False,False,False,False,2017,2017,2017,1,2017,0,-9.0,-9.0,Cohort 2017,2.5,2.7,1836,18.7,7.0,,,,,,,,,,,,,,,,,,,,,
Åmli skule,2009,2009-10,Åmli skule,Åmli skule,Åmli ( - 2019),Aust-Agder ( - 2019),929,9,975283291,MAT0010,Matematikk 10. årstrinn,2.9,3.5,17,10,2.9,3.5,17.0,10.0,False,False,False,False,2017,2017,2017,1,2017,0,-8.0,-8.0,Cohort 2017,2.9,3.5,1855,19.4,9.0,,,,,,,,,,,,,,,,,,,,,
Åmli skule,2010,2010-11,Åmli skule,Åmli skule,Åmli ( - 2019),Aust-Agder ( - 2019),929,9,975283291,MAT0010,Matematikk 10. årstrinn,2.9,3.1,8,14,2.9,3.1,8.0,14.0,False,False,False,False,2017,2017,2017,1,2017,0,-7.0,-7.0,Cohort 2017,2.9,3.1,1861,19.1,10.0,,,,,,,,,,,,,,,,,,,,,
Åmli skule,2011,2011-12,Åmli skule,Åmli skule,Åmli ( - 2019),Aust-Agder ( - 2019),929,9,975283291,MAT0010,Matematikk 10. årstrinn,3,3.1,18,10,3.0,3.1,18.0,10.0,False,False,False,False,2017,2017,2017,1,2017,0,-6.0,-6.0,Cohort 2017,3.0,3.1,1829,19.4,12.0,,,,,,,,,,,,,,,,,,,,,
Åmli skule,2012,2012-13,Åmli skule,Åmli skule,Åmli ( - 2019),Aust-Agder ( - 2019),929,9,975283291,MAT0010,Matematikk 10. årstrinn,2.8,3.8,22,12,2.8,3.8,22.0,12.0,False,False,False,False,2017,2017,2017,1,2017,0,-5.0,-5.0,Cohort 2017,2.8,3.8,1825,20.1,12.0,,,,,,,,,,,,,,,,,,,,,
Åmli skule,2013,2013-14,Åmli skule,Åmli skule,Åmli ( - 2019),Aust-Agder ( - 2019),929,9,975283291,MAT0010,Matematikk 10. årstrinn,2.8,3.8,12,11,2.8,3.8,12.0,11.0,False,False,False,False,2017,2017,2017,1,2017,0,-4.0,-4.0,Cohort 2017,3.3,3.8,1815,19.9,13.0,,,,,,,,,,,,,,,,,,,,,
Åmli skule,2014,2014-15,Åmli skule,Åmli skule,Åmli ( - 2019),Aust-Agder ( - 2019),929,9,975283291,MAT0010,Matematikk 10. årstrinn,3.3,3.8,15,13,3.3,3.8,15.0,13.0,False,False,False,False,2017,2017,2017,1,2017,0,-3.0,-3.0,Cohort 2017,3.4,2.8,1810,20.2,16.0,,,,,,,,,,,,,,,,,,,,,
Åmli skule,2015,2015-16,Åmli skule,Åmli skule,Åmli ( - 2019),Aust-Agder ( - 2019),929,9,975283291,MAT0010,Matematikk 10. årstrinn,3.4,2.8,14,13,3.4,2.8,14.0,13.0,False,False,False,False,2017,2017,2017,1,2017,0,-2.0,-2.0,Cohort 2017,2.5,3.6,1832,21.0,17.0,66450.0,09,Aust-Agder (-2019),1712.0,1096.0,64.01869158878505,4.147196261682243,74.35747663551402,78.50467289719626,10.338785046728972,5.490654205607477,5.66588785046729,88.84345794392523,EKA09,Aust-Agder (-2019),1711.0,76.0374050263004,9.35125657510228,85.38866160140269,8.825248392752776,5.786090005844535
Åmli skule,2016,2016-17,Åmli skule,Åmli skule,Åmli ( - 2019),Aust-Agder ( - 2019),929,9,975283291,MAT0010,Matematikk 10. årstrinn,2.5,3.6,8,12,2.5,3.6,8.0,12.0,False,False,False,False,2017,2017,2017,1,2017,0,-1.0,-1.0,Cohort 2017,3.0,3.2,1847,21.0,18.0,69019.0,09,Aust-Agder (-2019),1746.0,1157.0,66.26575028636884,4.352806414662084,73.31042382588774,77.66323024054984,10.996563573883162,5.383734249713632,5.956471935853378,88.65979381443299,EKA09,Aust-Agder (-2019),1736.0,75.57603686635944,9.90783410138249,85.48387096774194,8.582949308755762,5.933179723502304
Åmli skule,2017,2017-18,Åmli skule,Åmli skule,Åmli ( - 2019),Aust-Agder ( - 2019),929,9,975283291,MAT0010,Matematikk 10. årstrinn,3,3.2,12,11,3.0,3.2,12.0,11.0,False,False,False,False,2017,2017,2017,1,2017,1,0.0,0.0,Cohort 2017,2.8,3.6,1856,22.0,21.0,72941.0,09,Aust-Agder (-2019),1792.0,1185.0,66.12723214285714,5.245535714285714,71.484375,76.72991071428571,11.328125,5.301339285714286,6.640625,88.05803571428571,EKA09,Aust-Agder (-2019),1759.0,75.04263786242184,10.574189880613986,85.61682774303581,8.129619101762366,6.253553155201819
Åmli skule,2018,2018-19,Åmli skule,Åmli skule,Åmli ( - 2019),Aust-Agder ( - 2019),929,9,975283291,MAT0010,Matematikk 10. årstrinn,2.8,3.6,10,7,2.8,3.6,10.0,7.0,False,False,False,False,2017,2017,2017,1,2017,1,1.0,1.0,Cohort 2017,4.1,3.6,1845,21.8,24.0,74954.0,09,Aust-Agder (-2019),1790.0,1241.0,69.32960893854748,5.754189944134079,71.89944134078212,77.6536312849162,10.949720670391061,5.027932960893855,6.368715083798883,88.60335195530726,EKA09,Aust-Agder (-2019),1750.0,76.0,9.885714285714284,85.88571428571429,8.0,6.114285714285715
Åmli skule,2019,2019-20,Åmli skule,Åmli skule,Åmli ( - 2019),Aust-Agder ( - 2019),929,9,975283291,MAT0010,Matematikk 10. årstrinn,4.1,3.6,11,9,4.1,3.6,11.0,9.0,False,False,False,False,2017,2017,2017,1,2017,1,2.0,2.0,Cohort 2017,3.0,3.4,1848,22.1,25.0,77991.0,09,Aust-Agder (-2019),1800.0,1243.0,69.05555555555556,5.944444444444445,71.61111111111111,77.55555555555556,11.0,5.555555555555555,5.888888888888888,88.55555555555556,EKA09,Aust-Agder (-2019),1751.0,76.18503712164477,9.822958309537407,86.00799543118218,8.338092518560822,5.653912050256996
