school_id,year,school_year_label,school_name_raw,school_id_outcome,municipality,county,municipality_code_raw,county_code_raw,organisation_number_raw,subject_code_raw,subject_name_raw,boy_grade_raw,girl_grade_raw,boy_count_raw,girl_count_raw,boy_grade,girl_grade,boy_count,girl_count,boy_grade_suppressed,girl_grade_suppressed,boy_count_suppressed,girl_count_suppressed,treatment_year_raw,first_treat_year_raw_clean,first_treat_year,ever_treated,gvar,post,flex,event_time,cohort_label,studentgrade_boy,studentgrade_girl
Alta ungdomskole,2007,2007-08,Alta ungdomsskole,Alta ungdomsskole,Alta ( - 2019),Finnmark - Finnmárku ( - 2019),2012,20,874065102,MAT0010,Matematikk 10. årstrinn,3.6,3.7,55,55,3.6,3.7,55.0,55.0,False,False,False,False,2017,2017,2017,1,2017,0,-10.0,-10.0,Cohort 2017,3.6,3.7
Alta ungdomskole,2008,2008-09,Alta ungdomsskole,Alta ungdomsskole,Alta ( - 2019),Finnmark - Finnmárku ( - 2019),2012,20,874065102,MAT0010,Matematikk 10. årstrinn,3.1,3.3,67,63,3.1,3.3,67.0,63.0,False,False,False,False,2017,2017,2017,1,2017,0,-9.0,-9.0,Cohort 2017,3.1,3.3
Alta ungdomskole,2009,2009-10,Alta ungdomsskole,Alta ungdomsskole,Alta ( - 2019),Finnmark - Finnmárku ( - 2019),2012,20,874065102,MAT0010,Matematikk 10. årstrinn,3.4,3.6,70,59,3.4,3.6,70.0,59.0,False,False,False,False,2017,2017,2017,1,2017,0,-8.0,-8.0,Cohort 2017,3.4,3.6
Alta ungdomskole,2010,2010-11,Alta ungdomsskole,Alta ungdomsskole,Alta ( - 2019),Finnmark - Finnmárku ( - 2019),2012,20,874065102,MAT0010,Matematikk 10. årstrinn,3.3,3.6,66,69,3.3,3.6,66.0,69.0,False,False,False,False,2017,2017,2017,1,2017,0,-7.0,-7.0,Cohort 2017,3.3,3.6
Alta ungdomskole,2011,2011-12,Alta ungdomsskole,Alta ungdomsskole,Alta ( - 2019),Finnmark - Finnmárku ( - 2019),2012,20,874065102,MAT0010,Matematikk 10. årstrinn,3.2,3.2,69,53,3.2,3.2,69.0,53.0,False,False,False,False,2017,2017,2017,1,2017,0,-6.0,-6.0,Cohort 2017,3.2,3.2
Alta ungdomskole,2012,2012-13,Alta ungdomsskole,Alta ungdomsskole,Alta ( - 2019),Finnmark - Finnmárku ( - 2019),2012,20,874065102,MAT0010,Matematikk 10. årstrinn,3,3.1,77,74,3.0,3.1,77.0,74.0,False,False,False,False,2017,2017,2017,1,2017,0,-5.0,-5.0,Cohort 2017,3.0,3.1
Alta ungdomskole,2013,2013-14,Alta ungdomsskole,Alta ungdomsskole,Alta ( - 2019),Finnmark - Finnmárku ( - 2019),2012,20,874065102,MAT0010,Matematikk 10. årstrinn,3.4,3.5,71,61,3.4,3.5,71.0,61.0,False,False,False,False,2017,2017,2017,1,2017,0,-4.0,-4.0,Cohort 2017,3.4,3.5
Alta ungdomskole,2014,2014-15,Alta ungdomsskole,Alta ungdomsskole,Alta ( - 2019),Finnmark - Finnmárku ( - 2019),2012,20,874065102,MAT0010,Matematikk 10. årstrinn,3.2,3.1,85,86,3.2,3.1,85.0,86.0,False,False,False,False,2017,2017,2017,1,2017,0,-3.0,-3.0,Cohort 2017,3.2,3.1
Alta ungdomskole,2015,2015-16,Alta ungdomsskole,Alta ungdomsskole,Alta ( - 2019),Finnmark - Finnmárku ( - 2019),2012,20,874065102,MAT0010,Matematikk 10. årstrinn,3,3.4,64,82,3.0,3.4,64.0,82.0,False,False,False,False,2017,2017,2017,1,2017,0,-2.0,-2.0,Cohort 2017,3.0,3.4
Alta ungdomskole,2016,2016-17,Alta ungdomsskole,Alta ungdomsskole,Alta ( - 2019),Finnmark - Finnmárku ( - 2019),2012,20,874065102,MAT0010,Matematikk 10. årstrinn,3,3.5,71,63,3.0,3.5,71.0,63.0,False,False,False,False,2017,2017,2017,1,2017,0,-1.0,-1.0,Cohort 2017,3.0,3.5
Alta ungdomskole,2017,2017-18,Alta ungdomsskole,Alta ungdomsskole,Alta ( - 2019),Finnmark - Finnmárku ( - 2019),2012,20,874065102,MAT0010,Matematikk 10. årstrinn,3.9,4,76,81,3.9,4.0,76.0,81.0,False,False,False,False,2017,2017,2017,1,2017,1,0.0,0.0,Cohort 2017,3.9,4.0
Alta ungdomskole,2018,2018-19,Alta ungdomsskole,Alta ungdomsskole,Alta ( - 2019),Finnmark - Finnmárku ( - 2019),2012,20,874065102,MAT0010,Matematikk 10. årstrinn,3,3.6,62,65,3.0,3.6,62.0,65.0,False,False,False,False,2017,2017,2017,1,2017,1,1.0,1.0,Cohort 2017,3.0,3.6
Alta ungdomskole,2019,2019-20,Alta ungdomsskole,Alta ungdomsskole,Alta ( - 2019),Finnmark - Finnmárku ( - 2019),2012,20,874065102,MAT0010,Matematikk 10. årstrinn,3.4,3.2,70,51,3.4,3.2,70.0,51.0,False,False,False,False,2017,2017,2017,1,2017,1,2.0,2.0,Cohort 2017,3.4,3.2
Alta ungdomskole,2020,2020-21,Alta ungdomsskole,Alta ungdomsskole,Alta (2020 - 2023),Troms og Finnmark - Romsa ja Finnmárku - Tromssa ja Finmarkku (2020 - 2023),5403,54,874065102,MAT0010,Matematikk 10. årstrinn,3.3,3.7,71,58,3.3,3.7,71.0,58.0,False,False,False,False,2017,2017,2017,1,2017,1,3.0,3.0,Cohort 2017,3.3,3.7
Fedje skule,2009,2009-10,Fedje skule,Fedje skule,Fedje ( - 2019),Hordaland ( - 2019),1265,12,974575523,MAT0010,Matematikk 10. årstrinn,*,*,*,*,,,,,True,True,True,True,Before 2017,2016,2016,1,2016,0,-7.0,-7.0,Cohort 2016,,
Fedje skule,2010,2010-11,Fedje skule,Fedje skule,Fedje ( - 2019),Hordaland ( - 2019),1265,12,974575523,MAT0010,Matematikk 10. årstrinn,3.5,4.3,6,6,3.5,4.3,6.0,6.0,False,False,False,False,Before 2017,2016,2016,1,2016,0,-6.0,-6.0,Cohort 2016,3.5,4.3
Fedje skule,2011,2011-12,Fedje skule,Fedje skule,Fedje ( - 2019),Hordaland ( - 2019),1265,12,974575523,MAT0010,Matematikk 10. årstrinn,*,*,*,*,,,,,True,True,True,True,Before 2017,2016,2016,1,2016,0,-5.0,-5.0,Cohort 2016,,
Fedje skule,2012,2012-13,Fedje skule,Fedje skule,Fedje ( - 2019),Hordaland ( - 2019),1265,12,974575523,MAT0010,Matematikk 10. årstrinn,*,*,*,*,,,,,True,True,True,True,Before 2017,2016,2016,1,2016,0,-4.0,-4.0,Cohort 2016,,
Finnsnes ungdomskole,2007,2007-08,Finnsnes ungdomsskole,Finnsnes ungdomsskole,Lenvik ( - 2019),Troms - Romsa ( - 2019),1931,19,875290762,MAT0010,Matematikk 10. årstrinn,2.9,3.2,34,21,2.9,3.2,34.0,21.0,False,False,False,False,2016,2016,2016,1,2016,0,-9.0,-9.0,Cohort 2016,2.9,3.2
Finnsnes ungdomskole,2008,2008-09,Finnsnes ungdomsskole,Finnsnes ungdomsskole,Lenvik ( - 2019),Troms - Romsa ( - 2019),1931,19,875290762,MAT0010,Matematikk 10. årstrinn,3.6,3,28,21,3.6,3.0,28.0,21.0,False,False,False,False,2016,2016,2016,1,2016,0,-8.0,-8.0,Cohort 2016,3.6,3.0
Finnsnes ungdomskole,2009,2009-10,Finnsnes ungdomsskole,Finnsnes ungdomsskole,Lenvik ( - 2019),Troms - Romsa ( - 2019),1931,19,875290762,MAT0010,Matematikk 10. årstrinn,2.8,3,32,25,2.8,3.0,32.0,25.0,False,False,False,False,2016,2016,2016,1,2016,0,-7.0,-7.0,Cohort 2016,2.8,3.0
Finnsnes ungdomskole,2010,2010-11,Finnsnes ungdomsskole,Finnsnes ungdomsskole,Lenvik ( - 2019),Troms - Romsa ( - 2019),1931,19,875290762,MAT0010,Matematikk 10. årstrinn,3.3,2.8,43,28,3.3,2.8,43.0,28.0,False,False,False,False,2016,2016,2016,1,2016,0,-6.0,-6.0,Cohort 2016,3.3,2.8
Finnsnes ungdomskole,2011,2011-12,Finnsnes ungdomsskole,Finnsnes ungdomsskole,Lenvik ( - 2019),Troms - Romsa ( - 2019),1931,19,875290762,MAT0010,Matematikk 10. årstrinn,3,3.4,45,44,3.0,3.4,45.0,44.0,False,False,False,False,2016,2016,2016,1,2016,0,-5.0,-5.0,Cohort 2016,3.0,3.4
Finnsnes ungdomskole,2012,2012-13,Finnsnes ungdomsskole,Finnsnes ungdomsskole,Lenvik ( - 2019),Troms - Romsa ( - 2019),1931,19,875290762,MAT0010,Matematikk 10. årstrinn,3,3.1,42,36,3.0,3.1,42.0,36.0,False,False,False,False,2016,2016,2016,1,2016,0,-4.0,-4.0,Cohort 2016,3.0,3.1
Finnsnes ungdomskole,2013,2013-14,Finnsnes ungdomsskole,Finnsnes ungdomsskole,Lenvik ( - 2019),Troms - Romsa ( - 2019),1931,19,875290762,MAT0010,Matematikk 10. årstrinn,3,3.7,36,33,3.0,3.7,36.0,33.0,False,False,False,False,2016,2016,2016,1,2016,0,-3.0,-3.0,Cohort 2016,3.0,3.7
Finnsnes ungdomskole,2014,2014-15,Finnsnes ungdomsskole,Finnsnes ungdomsskole,Lenvik ( - 2019),Troms - Romsa ( - 2019),1931,19,875290762,MAT0010,Matematikk 10. årstrinn,3.2,3.7,47,28,3.2,3.7,47.0,28.0,False,False,False,False,2016,2016,2016,1,2016,0,-2.0,-2.0,Cohort 2016,3.2,3.7
Finnsnes ungdomskole,2015,2015-16,Finnsnes ungdomsskole,Finnsnes ungdomsskole,Lenvik ( - 2019),Troms - Romsa ( - 2019),1931,19,875290762,MAT0010,Matematikk 10. årstrinn,3.5,3.4,47,44,3.5,3.4,47.0,44.0,False,False,False,False,2016,2016,2016,1,2016,0,-1.0,-1.0,Cohort 2016,3.5,3.4
Finnsnes ungdomskole,2016,2016-17,Finnsnes ungdomsskole,Finnsnes ungdomsskole,Lenvik ( - 2019),Troms - Romsa ( - 2019),1931,19,875290762,MAT0010,Matematikk 10. årstrinn,2.9,3.5,43,38,2.9,3.5,43.0,38.0,False,False,False,False,2016,2016,2016,1,2016,1,0.0,0.0,Cohort 2016,2.9,3.5
Finnsnes ungdomskole,2017,2017-18,Finnsnes ungdomsskole,Finnsnes ungdomsskole,Lenvik ( - 2019),Troms - Romsa ( - 2019),1931,19,875290762,MAT0010,Matematikk 10. årstrinn,3.7,4,46,45,3.7,4.0,46.0,45.0,False,False,False,False,2016,2016,2016,1,2016,1,1.0,1.0,Cohort 2016,3.7,4.0
Finnsnes ungdomskole,2018,2018-19,Finnsnes ungdomsskole,Finnsnes ungdomsskole,Lenvik ( - 2019),Troms - Romsa ( - 2019),1931,19,875290762,MAT0010,Matematikk 10. årstrinn,3.4,4,48,39,3.4,4.0,48.0,39.0,False,False,False,False,2016,2016,2016,1,2016,1,2.0,2.0,Cohort 2016,3.4,4.0
Fjell ungdomsskole,2007,2007-08,Fjell ungdomsskule,Fjell ungdomsskule,Fjell ( - 2019),Hordaland ( - 2019),1246,12,975287629,MAT0010,Matematikk 10. årstrinn,3.5,3.5,67,69,3.5,3.5,67.0,69.0,False,False,False,False,2017,2017,2017,1,2017,0,-10.0,-10.0,Cohort 2017,3.5,3.5
Fjell ungdomsskole,2008,2008-09,Fjell ungdomsskule,Fjell ungdomsskule,Fjell ( - 2019),Hordaland ( - 2019),1246,12,975287629,MAT0010,Matematikk 10. årstrinn,3.4,3.6,86,71,3.4,3.6,86.0,71.0,False,False,False,False,2017,2017,2017,1,2017,0,-9.0,-9.0,Cohort 2017,3.4,3.6
Fjell ungdomsskole,2009,2009-10,Fjell ungdomsskule,Fjell ungdomsskule,Fjell ( - 2019),Hordaland ( - 2019),1246,12,975287629,MAT0010,Matematikk 10. årstrinn,3.8,3.9,91,94,3.8,3.9,91.0,94.0,False,False,False,False,2017,2017,2017,1,2017,0,-8.0,-8.0,Cohort 2017,3.8,3.9
Fjell ungdomsskole,2010,2010-11,Fjell ungdomsskule,Fjell ungdomsskule,Fjell ( - 2019),Hordaland ( - 2019),1246,12,975287629,MAT0010,Matematikk 10. årstrinn,3.1,3.7,91,64,3.1,3.7,91.0,64.0,False,False,False,False,2017,2017,2017,1,2017,0,-7.0,-7.0,Cohort 2017,3.1,3.7
Fjell ungdomsskole,2011,2011-12,Fjell ungdomsskule,Fjell ungdomsskule,Fjell ( - 2019),Hordaland ( - 2019),1246,12,975287629,MAT0010,Matematikk 10. årstrinn,3.4,3.3,80,81,3.4,3.3,80.0,81.0,False,False,False,False,2017,2017,2017,1,2017,0,-6.0,-6.0,Cohort 2017,3.4,3.3
Fjell ungdomsskole,2012,2012-13,Fjell ungdomsskule,Fjell ungdomsskule,Fjell ( - 2019),Hordaland ( - 2019),1246,12,975287629,MAT0010,Matematikk 10. årstrinn,3.1,3.3,72,81,3.1,3.3,72.0,81.0,False,False,False,False,2017,2017,2017,1,2017,0,-5.0,-5.0,Cohort 2017,3.1,3.3
Fjell ungdomsskole,2013,2013-14,Fjell ungdomsskule,Fjell ungdomsskule,Fjell ( - 2019),Hordaland ( - 2019),1246,12,975287629,MAT0010,Matematikk 10. årstrinn,3.7,3.4,90,68,3.7,3.4,90.0,68.0,False,False,False,False,2017,2017,2017,1,2017,0,-4.0,-4.0,Cohort 2017,3.7,3.4
Fjell ungdomsskole,2014,2014-15,Fjell ungdomsskule,Fjell ungdomsskule,Fjell ( - 2019),Hordaland ( - 2019),1246,12,975287629,MAT0010,Matematikk 10. årstrinn,3.3,3.6,59,71,3.3,3.6,59.0,71.0,False,False,False,False,2017,2017,2017,1,2017,0,-3.0,-3.0,Cohort 2017,3.3,3.6
Fjell ungdomsskole,2015,2015-16,Fjell ungdomsskule,Fjell ungdomsskule,Fjell ( - 2019),Hordaland ( - 2019),1246,12,975287629,MAT0010,Matematikk 10. årstrinn,3.1,3.7,68,63,3.1,3.7,68.0,63.0,False,False,False,False,2017,2017,2017,1,2017,0,-2.0,-2.0,Cohort 2017,3.1,3.7
Fjell ungdomsskole,2016,2016-17,Fjell ungdomsskule,Fjell ungdomsskule,Fjell ( - 2019),Hordaland ( - 2019),1246,12,975287629,MAT0010,Matematikk 10. årstrinn,3.2,3.4,61,85,3.2,3.4,61.0,85.0,False,False,False,False,2017,2017,2017,1,2017,0,-1.0,-1.0,Cohort 2017,3.2,3.4
Fjell ungdomsskole,2017,2017-18,Fjell ungdomsskule,Fjell ungdomsskule,Fjell ( - 2019),Hordaland ( - 2019),1246,12,975287629,MAT0010,Matematikk 10. årstrinn,3.5,3.6,80,91,3.5,3.6,80.0,91.0,False,False,False,False,2017,2017,2017,1,2017,1,0.0,0.0,Cohort 2017,3.5,3.6
Fjell ungdomsskole,2018,2018-19,Fjell ungdomsskule,Fjell ungdomsskule,Fjell ( - 2019),Hordaland ( - 2019),1246,12,975287629,MAT0010,Matematikk 10. årstrinn,3.6,4,70,94,3.6,4.0,70.0,94.0,False,False,False,False,2017,2017,2017,1,2017,1,1.0,1.0,Cohort 2017,3.6,4.0
Gibostad barne-og ungdomsskole,2007,2007-08,Gibostad barne- og ungdomsskole,Gibostad barne- og ungdomsskole,Lenvik ( - 2019),Troms - Romsa ( - 2019),1931,19,975285383,MAT0010,Matematikk 10. årstrinn,3.9,3.9,8,7,3.9,3.9,8.0,7.0,False,False,False,False,2016,2016,2016,1,2016,0,-9.0,-9.0,Cohort 2016,3.9,3.9
Gibostad barne-og ungdomsskole,2008,2008-09,Gibostad barne- og ungdomsskole,Gibostad barne- og ungdomsskole,Lenvik ( - 2019),Troms - Romsa ( - 2019),1931,19,975285383,MAT0010,Matematikk 10. årstrinn,3.6,3.4,7,11,3.6,3.4,7.0,11.0,False,False,False,False,2016,2016,2016,1,2016,0,-8.0,-8.0,Cohort 2016,3.6,3.4
Gibostad barne-og ungdomsskole,2009,2009-10,Gibostad barne- og ungdomsskole,Gibostad barne- og ungdomsskole,Lenvik ( - 2019),Troms - Romsa ( - 2019),1931,19,975285383,MAT0010,Matematikk 10. årstrinn,,*,,*,,,,,False,True,False,True,2016,2016,2016,1,2016,0,-7.0,-7.0,Cohort 2016,,
Gibostad barne-og ungdomsskole,2010,2010-11,Gibostad barne- og ungdomsskole,Gibostad barne- og ungdomsskole,Lenvik ( - 2019),Troms - Romsa ( - 2019),1931,19,975285383,MAT0010,Matematikk 10. årstrinn,*,*,*,*,,,,,True,True,True,True,2016,2016,2016,1,2016,0,-6.0,-6.0,Cohort 2016,,
Gibostad barne-og ungdomsskole,2011,2011-12,Gibostad barne- og ungdomsskole,Gibostad barne- og ungdomsskole,Lenvik ( - 2019),Troms - Romsa ( - 2019),1931,19,975285383,MAT0010,Matematikk 10. årstrinn,2.6,4.5,8,8,2.6,4.5,8.0,8.0,False,False,False,False,2016,2016,2016,1,2016,0,-5.0,-5.0,Cohort 2016,2.6,4.5
Gibostad barne-og ungdomsskole,2012,2012-13,Gibostad barne- og ungdomsskole,Gibostad barne- og ungdomsskole,Lenvik ( - 2019),Troms - Romsa ( - 2019),1931,19,975285383,MAT0010,Matematikk 10. årstrinn,*,*,*,*,,,,,True,True,True,True,2016,2016,2016,1,2016,0,-4.0,-4.0,Cohort 2016,,
Gibostad barne-og ungdomsskole,2013,2013-14,Gibostad barne- og ungdomsskole,Gibostad barne- og ungdomsskole,Lenvik ( - 2019),Troms - Romsa ( - 2019),1931,19,975285383,MAT0010,Matematikk 10. årstrinn,3.7,3.6,7,9,3.7,3.6,7.0,9.0,False,False,False,False,2016,2016,2016,1,2016,0,-3.0,-3.0,Cohort 2016,3.7,3.6
Gibostad barne-og ungdomsskole,2014,2014-15,Gibostad barne- og ungdomsskole,Gibostad barne- og ungdomsskole,Lenvik ( - 2019),Troms - Romsa ( - 2019),1931,19,975285383,MAT0010,Matematikk 10. årstrinn,*,*,*,*,,,,,True,True,True,True,2016,2016,2016,1,2016,0,-2.0,-2.0,Cohort 2016,,
Gibostad barne-og ungdomsskole,2015,2015-16,Gibostad barne- og ungdomsskole,Gibostad barne- og ungdomsskole,Lenvik ( - 2019),Troms - Romsa ( - 2019),1931,19,975285383,MAT0010,Matematikk 10. årstrinn,,3.3,,7,,3.3,,7.0,False,False,False,False,2016,2016,2016,1,2016,0,-1.0,-1.0,Cohort 2016,3.3,
Gibostad barne-og ungdomsskole,2016,2016-17,Gibostad barne- og ungdomsskole,Gibostad barne- og ungdomsskole,Lenvik ( - 2019),Troms - Romsa ( - 2019),1931,19,975285383,MAT0010,Matematikk 10. årstrinn,*,*,*,*,,,,,True,True,True,True,2016,2016,2016,1,2016,1,0.0,0.0,Cohort 2016,3.3,3.4
Gjesdal ungdomsskole,2007,2007-08,Gjesdal ungdomsskole,Gjesdal ungdomsskole,Gjesdal,Rogaland,1122,11,975275639,MAT0010,Matematikk 10. årstrinn,3.1,3.4,82,81,3.1,3.4,82.0,81.0,False,False,False,False,2018,2018,2018,1,2018,0,-11.0,-11.0,Cohort 2018,3.1,3.4
Gjesdal ungdomsskole,2008,2008-09,Gjesdal ungdomsskole,Gjesdal ungdomsskole,Gjesdal,Rogaland,1122,11,975275639,MAT0010,Matematikk 10. årstrinn,*,*,*,*,,,,,True,True,True,True,2018,2018,2018,1,2018,0,-10.0,-10.0,Cohort 2018,,
Gjesdal ungdomsskole,2009,2009-10,Gjesdal ungdomsskole,Gjesdal ungdomsskole,Gjesdal,Rogaland,1122,11,975275639,MAT0010,Matematikk 10. årstrinn,3.3,3.7,88,58,3.3,3.7,88.0,58.0,False,False,False,False,2018,2018,2018,1,2018,0,-9.0,-9.0,Cohort 2018,3.3,3.7
Gjesdal ungdomsskole,2010,2010-11,Gjesdal ungdomsskole,Gjesdal ungdomsskole,Gjesdal,Rogaland,1122,11,975275639,MAT0010,Matematikk 10. årstrinn,3.2,3.4,66,61,3.2,3.4,66.0,61.0,False,False,False,False,2018,2018,2018,1,2018,0,-8.0,-8.0,Cohort 2018,3.2,3.4
Gjesdal ungdomsskole,2011,2011-12,Gjesdal ungdomsskole,Gjesdal ungdomsskole,Gjesdal,Rogaland,1122,11,975275639,MAT0010,Matematikk 10. årstrinn,3.6,3.7,76,70,3.6,3.7,76.0,70.0,False,False,False,False,2018,2018,2018,1,2018,0,-7.0,-7.0,Cohort 2018,3.6,3.7
Gjesdal ungdomsskole,2012,2012-13,Gjesdal ungdomsskole,Gjesdal ungdomsskole,Gjesdal,Rogaland,1122,11,975275639,MAT0010,Matematikk 10. årstrinn,*,*,*,*,,,,,True,True,True,True,2018,2018,2018,1,2018,0,-6.0,-6.0,Cohort 2018,,
Gjesdal ungdomsskole,2013,2013-14,Gjesdal ungdomsskole,Gjesdal ungdomsskole,Gjesdal,Rogaland,1122,11,975275639,MAT0010,Matematikk 10. årstrinn,3.5,3.7,65,46,3.5,3.7,65.0,46.0,False,False,False,False,2018,2018,2018,1,2018,0,-5.0,-5.0,Cohort 2018,3.5,3.7
Gjesdal ungdomsskole,2014,2014-15,Gjesdal ungdomsskole,Gjesdal ungdomsskole,Gjesdal,Rogaland,1122,11,975275639,MAT0010,Matematikk 10. årstrinn,3.3,3.7,62,72,3.3,3.7,62.0,72.0,False,False,False,False,2018,2018,2018,1,2018,0,-4.0,-4.0,Cohort 2018,3.3,3.7
Gjesdal ungdomsskole,2015,2015-16,Gjesdal ungdomsskole,Gjesdal ungdomsskole,Gjesdal,Rogaland,1122,11,975275639,MAT0010,Matematikk 10. årstrinn,3.8,3.7,78,66,3.8,3.7,78.0,66.0,False,False,False,False,2018,2018,2018,1,2018,0,-3.0,-3.0,Cohort 2018,3.8,3.7
Gjesdal ungdomsskole,2016,2016-17,Gjesdal ungdomsskole,Gjesdal ungdomsskole,Gjesdal,Rogaland,1122,11,975275639,MAT0010,Matematikk 10. årstrinn,3.4,3.5,65,72,3.4,3.5,65.0,72.0,False,False,False,False,2018,2018,2018,1,2018,0,-2.0,-2.0,Cohort 2018,3.4,3.5
Gjesdal ungdomsskole,2017,2017-18,Gjesdal ungdomsskole,Gjesdal ungdomsskole,Gjesdal,Rogaland,1122,11,975275639,MAT0010,Matematikk 10. årstrinn,3.3,3.9,57,63,3.3,3.9,57.0,63.0,False,False,False,False,2018,2018,2018,1,2018,0,-1.0,-1.0,Cohort 2018,3.3,3.9
Gjesdal ungdomsskole,2018,2018-19,Gjesdal ungdomsskole,Gjesdal ungdomsskole,Gjesdal,Rogaland,1122,11,975275639,MAT0010,Matematikk 10. årstrinn,3.4,3.7,58,60,3.4,3.7,58.0,60.0,False,False,False,False,2018,2018,2018,1,2018,1,0.0,0.0,Cohort 2018,3.4,3.7
Gjesdal ungdomsskole,2019,2019-20,Gjesdal ungdomsskole,Gjesdal ungdomsskole,Gjesdal,Rogaland,1122,11,975275639,MAT0010,Matematikk 10. årstrinn,3.9,3.6,40,58,3.9,3.6,40.0,58.0,False,False,False,False,2018,2018,2018,1,2018,1,1.0,1.0,Cohort 2018,3.9,3.6
Gjesdal ungdomsskole,2020,2020-21,Gjesdal ungdomsskole,Gjesdal ungdomsskole,Gjesdal,Rogaland,1122,11,975275639,MAT0010,Matematikk 10. årstrinn,3.6,4.1,72,51,3.6,4.1,72.0,51.0,False,False,False,False,2018,2018,2018,1,2018,1,2.0,2.0,Cohort 2018,3.6,4.1
Gryllefjord skole,2007,2007-08,Gryllefjord skole,Gryllefjord skole,Torsken ( - 2019),Troms - Romsa ( - 2019),1928,19,975285499,MAT0010,Matematikk 10. årstrinn,*,*,*,*,,,,,True,True,True,True,2016,2016,2016,1,2016,0,-9.0,-9.0,Cohort 2016,,
Gryllefjord skole,2008,2008-09,Gryllefjord skole,Gryllefjord skole,Torsken ( - 2019),Troms - Romsa ( - 2019),1928,19,975285499,MAT0010,Matematikk 10. årstrinn,*,*,*,*,,,,,True,True,True,True,2016,2016,2016,1,2016,0,-8.0,-8.0,Cohort 2016,,
Gryllefjord skole,2009,2009-10,Gryllefjord skole,Gryllefjord skole,Torsken ( - 2019),Troms - Romsa ( - 2019),1928,19,975285499,MAT0010,Matematikk 10. årstrinn,*,*,*,*,,,,,True,True,True,True,2016,2016,2016,1,2016,0,-7.0,-7.0,Cohort 2016,,
Gryllefjord skole,2010,2010-11,Gryllefjord skole,Gryllefjord skole,Torsken ( - 2019),Troms - Romsa ( - 2019),1928,19,975285499,MAT0010,Matematikk 10. årstrinn,*,*,*,*,,,,,True,True,True,True,2016,2016,2016,1,2016,0,-6.0,-6.0,Cohort 2016,,
Grålum ungdomsskole,2007,2007-08,Grålum ungdomsskole,Grålum ungdomsskole,Sarpsborg ( - 2019),Østfold ( - 2019),105,1,975289109,MAT0010,Matematikk 10. årstrinn,3,3.3,54,58,3.0,3.3,54.0,58.0,False,False,False,False,2019,2019,2019,1,2019,0,-12.0,-12.0,Cohort 2019,3.0,3.3
Grålum ungdomsskole,2008,2008-09,Grålum ungdomsskole,Grålum ungdomsskole,Sarpsborg ( - 2019),Østfold ( - 2019),105,1,975289109,MAT0010,Matematikk 10. årstrinn,3,3.6,42,51,3.0,3.6,42.0,51.0,False,False,False,False,2019,2019,2019,1,2019,0,-11.0,-11.0,Cohort 2019,3.0,3.6
Grålum ungdomsskole,2009,2009-10,Grålum ungdomsskole,Grålum ungdomsskole,Sarpsborg ( - 2019),Østfold ( - 2019),105,1,975289109,MAT0010,Matematikk 10. årstrinn,3.2,3.3,56,56,3.2,3.3,56.0,56.0,False,False,False,False,2019,2019,2019,1,2019,0,-10.0,-10.0,Cohort 2019,3.2,3.3
Grålum ungdomsskole,2010,2010-11,Grålum ungdomsskole,Grålum ungdomsskole,Sarpsborg ( - 2019),Østfold ( - 2019),105,1,975289109,MAT0010,Matematikk 10. årstrinn,3.1,3.6,55,51,3.1,3.6,55.0,51.0,False,False,False,False,2019,2019,2019,1,2019,0,-9.0,-9.0,Cohort 2019,3.1,3.6
Grålum ungdomsskole,2011,2011-12,Grålum ungdomsskole,Grålum ungdomsskole,Sarpsborg ( - 2019),Østfold ( - 2019),105,1,975289109,MAT0010,Matematikk 10. årstrinn,3.3,3.5,48,52,3.3,3.5,48.0,52.0,False,False,False,False,2019,2019,2019,1,2019,0,-8.0,-8.0,Cohort 2019,3.3,3.5
Grålum ungdomsskole,2012,2012-13,Grålum ungdomsskole,Grålum ungdomsskole,Sarpsborg ( - 2019),Østfold ( - 2019),105,1,975289109,MAT0010,Matematikk 10. årstrinn,3,3.3,58,52,3.0,3.3,58.0,52.0,False,False,False,False,2019,2019,2019,1,2019,0,-7.0,-7.0,Cohort 2019,3.0,3.3
Grålum ungdomsskole,2013,2013-14,Grålum ungdomsskole,Grålum ungdomsskole,Sarpsborg ( - 2019),Østfold ( - 2019),105,1,975289109,MAT0010,Matematikk 10. årstrinn,3.3,3.4,46,61,3.3,3.4,46.0,61.0,False,False,False,False,2019,2019,2019,1,2019,0,-6.0,-6.0,Cohort 2019,3.3,3.3
Grålum ungdomsskole,2014,2014-15,Grålum ungdomsskole,Grålum ungdomsskole,Sarpsborg ( - 2019),Østfold ( - 2019),105,1,975289109,MAT0010,Matematikk 10. årstrinn,2.3,3.1,46,62,2.3,3.1,46.0,62.0,False,False,False,False,2019,2019,2019,1,2019,0,-5.0,-5.0,Cohort 2019,3.4,2.3
Grålum ungdomsskole,2015,2015-16,Grålum ungdomsskole,Grålum ungdomsskole,Sarpsborg ( - 2019),Østfold ( - 2019),105,1,975289109,MAT0010,Matematikk 10. årstrinn,3.2,3.4,57,52,3.2,3.4,57.0,52.0,False,False,False,False,2019,2019,2019,1,2019,0,-4.0,-4.0,Cohort 2019,3.1,3.2
Grålum ungdomsskole,2016,2016-17,Grålum ungdomsskole,Grålum ungdomsskole,Sarpsborg ( - 2019),Østfold ( - 2019),105,1,975289109,MAT0010,Matematikk 10. årstrinn,3.5,3.6,53,62,3.5,3.6,53.0,62.0,False,False,False,False,2019,2019,2019,1,2019,0,-3.0,-3.0,Cohort 2019,3.4,3.5
Grålum ungdomsskole,2017,2017-18,Grålum ungdomsskole,Grålum ungdomsskole,Sarpsborg ( - 2019),Østfold ( - 2019),105,1,975289109,MAT0010,Matematikk 10. årstrinn,3.1,3.7,54,50,3.1,3.7,54.0,50.0,False,False,False,False,2019,2019,2019,1,2019,0,-2.0,-2.0,Cohort 2019,3.6,3.1
Grålum ungdomsskole,2018,2018-19,Grålum ungdomsskole,Grålum ungdomsskole,Sarpsborg ( - 2019),Østfold ( - 2019),105,1,975289109,MAT0010,Matematikk 10. årstrinn,3.5,3.6,44,57,3.5,3.6,44.0,57.0,False,False,False,False,2019,2019,2019,1,2019,0,-1.0,-1.0,Cohort 2019,3.7,3.5
Grålum ungdomsskole,2019,2019-20,Grålum ungdomsskole,Grålum ungdomsskole,Sarpsborg ( - 2019),Østfold ( - 2019),105,1,975289109,MAT0010,Matematikk 10. årstrinn,3.6,4.4,50,46,3.6,4.4,50.0,46.0,False,False,False,False,2019,2019,2019,1,2019,1,0.0,0.0,Cohort 2019,3.6,3.6
Grålum ungdomsskole,2020,2020-21,Grålum ungdomsskole,Grålum ungdomsskole,Sarpsborg (2020 - 2023),Viken (2020 - 2023),3003,30,975289109,MAT0010,Matematikk 10. årstrinn,3.5,3.7,53,46,3.5,3.7,53.0,46.0,False,False,False,False,2019,2019,2019,1,2019,1,1.0,1.0,Cohort 2019,4.4,3.5
Grålum ungdomsskole,2021,2021-22,Grålum ungdomsskole,Grålum ungdomsskole,Sarpsborg (2020 - 2023),Viken (2020 - 2023),3003,30,975289109,MAT0010,Matematikk 10. årstrinn,,,,,,,,,False,False,False,False,2019,2019,2019,1,2019,1,2.0,2.0,Cohort 2019,,3.7
Korgen sentralskole,2007,2007-08,Korgen sentralskole,Korgen sentralskole,Hemnes,Nordland - Nordlánnda,1832,18,975286924,MAT0010,Matematikk 10. årstrinn,3.4,3.7,16,19,3.4,3.7,16.0,19.0,False,False,False,False,2018/2019,2018,2018,1,2018,0,-11.0,-11.0,Cohort 2018,3.4,3.7
Korgen sentralskole,2008,2008-09,Korgen sentralskole,Korgen sentralskole,Hemnes,Nordland - Nordlánnda,1832,18,975286924,MAT0010,Matematikk 10. årstrinn,3.4,4.2,13,21,3.4,4.2,13.0,21.0,False,False,False,False,2018/2019,2018,2018,1,2018,0,-10.0,-10.0,Cohort 2018,3.4,4.2
Korgen sentralskole,2009,2009-10,Korgen sentralskole,Korgen sentralskole,Hemnes,Nordland - Nordlánnda,1832,18,975286924,MAT0010,Matematikk 10. årstrinn,3.9,4.1,14,21,3.9,4.1,14.0,21.0,False,False,False,False,2018/2019,2018,2018,1,2018,0,-9.0,-9.0,Cohort 2018,3.9,4.1
Korgen sentralskole,2010,2010-11,Korgen sentralskole,Korgen sentralskole,Hemnes,Nordland - Nordlánnda,1832,18,975286924,MAT0010,Matematikk 10. årstrinn,3.1,3.6,17,18,3.1,3.6,17.0,18.0,False,False,False,False,2018/2019,2018,2018,1,2018,0,-8.0,-8.0,Cohort 2018,3.1,3.6
Korgen sentralskole,2011,2011-12,Korgen sentralskole,Korgen sentralskole,Hemnes,Nordland - Nordlánnda,1832,18,975286924,MAT0010,Matematikk 10. årstrinn,3.3,3.4,12,14,3.3,3.4,12.0,14.0,False,False,False,False,2018/2019,2018,2018,1,2018,0,-7.0,-7.0,Cohort 2018,3.3,3.4
Korgen sentralskole,2012,2012-13,Korgen sentralskole,Korgen sentralskole,Hemnes,Nordland - Nordlánnda,1832,18,975286924,MAT0010,Matematikk 10. årstrinn,*,*,*,*,,,,,True,True,True,True,2018/2019,2018,2018,1,2018,0,-6.0,-6.0,Cohort 2018,,
Korgen sentralskole,2013,2013-14,Korgen sentralskole,Korgen sentralskole,Hemnes,Nordland - Nordlánnda,1832,18,975286924,MAT0010,Matematikk 10. årstrinn,3.5,4.2,16,12,3.5,4.2,16.0,12.0,False,False,False,False,2018/2019,2018,2018,1,2018,0,-5.0,-5.0,Cohort 2018,3.5,4.2
Korgen sentralskole,2014,2014-15,Korgen sentralskole,Korgen sentralskole,Hemnes,Nordland - Nordlánnda,1832,18,975286924,MAT0010,Matematikk 10. årstrinn,2.7,4,27,10,2.7,4.0,27.0,10.0,False,False,False,False,2018/2019,2018,2018,1,2018,0,-4.0,-4.0,Cohort 2018,2.7,4.0
Korgen sentralskole,2015,2015-16,Korgen sentralskole,Korgen sentralskole,Hemnes,Nordland - Nordlánnda,1832,18,975286924,MAT0010,Matematikk 10. årstrinn,*,*,*,*,,,,,True,True,True,True,2018/2019,2018,2018,1,2018,0,-3.0,-3.0,Cohort 2018,,
Korgen sentralskole,2016,2016-17,Korgen sentralskole,Korgen sentralskole,Hemnes,Nordland - Nordlánnda,1832,18,975286924,MAT0010,Matematikk 10. årstrinn,2.9,3.3,13,9,2.9,3.3,13.0,9.0,False,False,False,False,2018/2019,2018,2018,1,2018,0,-2.0,-2.0,Cohort 2018,2.9,3.3
Korgen sentralskole,2017,2017-18,Korgen sentralskole,Korgen sentralskole,Hemnes,Nordland - Nordlánnda,1832,18,975286924,MAT0010,Matematikk 10. årstrinn,3.1,3.9,19,14,3.1,3.9,19.0,14.0,False,False,False,False,2018/2019,2018,2018,1,2018,0,-1.0,-1.0,Cohort 2018,3.1,3.9
Korgen sentralskole,2018,2018-19,Korgen sentralskole,Korgen sentralskole,Hemnes,Nordland - Nordlánnda,1832,18,975286924,MAT0010,Matematikk 10. årstrinn,2.7,3.2,15,9,2.7,3.2,15.0,9.0,False,False,False,False,2018/2019,2018,2018,1,2018,1,0.0,0.0,Cohort 2018,2.7,3.2
Korgen sentralskole,2019,2019-20,Korgen sentralskole,Korgen sentralskole,Hemnes,Nordland - Nordlánnda,1832,18,975286924,MAT0010,Matematikk 10. årstrinn,*,*,*,*,,,,,True,True,True,True,2018/2019,2018,2018,1,2018,1,1.0,1.0,Cohort 2018,,2.7
Korgen sentralskole,2020,2020-21,Korgen sentralskole,Korgen sentralskole,Hemnes,Nordland - Nordlánnda,1832,18,975286924,MAT0010,Matematikk 10. årstrinn,2.7,3.4,16,13,2.7,3.4,16.0,13.0,False,False,False,False,2018/2019,2018,2018,1,2018,1,2.0,2.0,Cohort 2018,,3.4
Lyngmyr skole,2007,2007-08,Lyngmyr skole,Lyngmyr skole,Tvedestrand ( - 2019),Aust-Agder ( - 2019),914,9,975283070,MAT0010,Matematikk 10. årstrinn,3,3,34,50,3.0,3.0,34.0,50.0,False,False,False,False,2017,2017,2017,1,2017,0,-10.0,-10.0,Cohort 2017,3.0,3.0
Lyngmyr skole,2008,2008-09,Lyngmyr skole,Lyngmyr skole,Tvedestrand ( - 2019),Aust-Agder ( - 2019),914,9,975283070,MAT0010,Matematikk 10. årstrinn,2.8,3.1,34,43,2.8,3.1,34.0,43.0,False,False,False,False,2017,2017,2017,1,2017,0,-9.0,-9.0,Cohort 2017,2.8,3.1
Lyngmyr skole,2009,2009-10,Lyngmyr skole,Lyngmyr skole,Tvedestrand ( - 2019),Aust-Agder ( - 2019),914,9,975283070,MAT0010,Matematikk 10. årstrinn,3.6,3.8,31,46,3.6,3.8,31.0,46.0,False,False,False,False,2017,2017,2017,1,2017,0,-8.0,-8.0,Cohort 2017,3.6,3.8
Lyngmyr skole,2010,2010-11,Lyngmyr skole,Lyngmyr skole,Tvedestrand ( - 2019),Aust-Agder ( - 2019),914,9,975283070,MAT0010,Matematikk 10. årstrinn,3.2,3.4,30,37,3.2,3.4,30.0,37.0,False,False,False,False,2017,2017,2017,1,2017,0,-7.0,-7.0,Cohort 2017,3.2,3.4
Lyngmyr skole,2011,2011-12,Lyngmyr skole,Lyngmyr skole,Tvedestrand ( - 2019),Aust-Agder ( - 2019),914,9,975283070,MAT0010,Matematikk 10. årstrinn,3,3.1,37,44,3.0,3.1,37.0,44.0,False,False,False,False,2017,2017,2017,1,2017,0,-6.0,-6.0,Cohort 2017,3.0,
Lyngmyr skole,2012,2012-13,Lyngmyr skole,Lyngmyr skole,Tvedestrand ( - 2019),Aust-Agder ( - 2019),914,9,975283070,MAT0010,Matematikk 10. årstrinn,3.2,3.6,35,29,3.2,3.6,35.0,29.0,False,False,False,False,2017,2017,2017,1,2017,0,-5.0,-5.0,Cohort 2017,3.2,3.6
Lyngmyr skole,2013,2013-14,Lyngmyr skole,Lyngmyr skole,Tvedestrand ( - 2019),Aust-Agder ( - 2019),914,9,975283070,MAT0010,Matematikk 10. årstrinn,3,3,38,34,3.0,3.0,38.0,34.0,False,False,False,False,2017,2017,2017,1,2017,0,-4.0,-4.0,Cohort 2017,3.0,3.0
Lyngmyr skole,2014,2014-15,Lyngmyr skole,Lyngmyr skole,Tvedestrand ( - 2019),Aust-Agder ( - 2019),914,9,975283070,MAT0010,Matematikk 10. årstrinn,2.7,3.2,42,31,2.7,3.2,42.0,31.0,False,False,False,False,2017,2017,2017,1,2017,0,-3.0,-3.0,Cohort 2017,2.7,3.2
Lyngmyr skole,2015,2015-16,Lyngmyr skole,Lyngmyr skole,Tvedestrand ( - 2019),Aust-Agder ( - 2019),914,9,975283070,MAT0010,Matematikk 10. årstrinn,2.9,2.9,41,34,2.9,2.9,41.0,34.0,False,False,False,False,2017,2017,2017,1,2017,0,-2.0,-2.0,Cohort 2017,2.9,2.9
Lyngmyr skole,2016,2016-17,Lyngmyr skole,Lyngmyr skole,Tvedestrand ( - 2019),Aust-Agder ( - 2019),914,9,975283070,MAT0010,Matematikk 10. årstrinn,3.3,3.2,39,34,3.3,3.2,39.0,34.0,False,False,False,False,2017,2017,2017,1,2017,0,-1.0,-1.0,Cohort 2017,3.3,3.2
Lyngmyr skole,2017,2017-18,Lyngmyr skole,Lyngmyr skole,Tvedestrand ( - 2019),Aust-Agder ( - 2019),914,9,975283070,MAT0010,Matematikk 10. årstrinn,3.4,3.7,31,33,3.4,3.7,31.0,33.0,False,False,False,False,2017,2017,2017,1,2017,1,0.0,0.0,Cohort 2017,3.4,3.7
Lyngmyr skole,2018,2018-19,Lyngmyr skole,Lyngmyr skole,Tvedestrand ( - 2019),Aust-Agder ( - 2019),914,9,975283070,MAT0010,Matematikk 10. årstrinn,3.4,3,32,27,3.4,3.0,32.0,27.0,False,False,False,False,2017,2017,2017,1,2017,1,1.0,1.0,Cohort 2017,3.4,3.0
Lyngmyr skole,2019,2019-20,Lyngmyr skole,Lyngmyr skole,Tvedestrand ( - 2019),Aust-Agder ( - 2019),914,9,975283070,MAT0010,Matematikk 10. årstrinn,3.6,3.4,29,44,3.6,3.4,29.0,44.0,False,False,False,False,2017,2017,2017,1,2017,1,2.0,2.0,Cohort 2017,3.4,3.4
Lyngmyr skole,2020,2020-21,Lyngmyr skole,Lyngmyr skole,Tvedestrand,Agder,4213,42,975283070,MAT0010,Matematikk 10. årstrinn,3.4,3.5,28,32,3.4,3.5,28.0,32.0,False,False,False,False,2017,2017,2017,1,2017,1,3.0,3.0,Cohort 2017,3.4,
Lyngmyr skole,2021,2021-22,Lyngmyr skole,Lyngmyr skole,Tvedestrand,Agder,4213,42,975283070,MAT0010,Matematikk 10. årstrinn,,,,,,,,,False,False,False,False,2017,2017,2017,1,2017,1,4.0,4.0,Cohort 2017,,3.5
Radøy ungdomsskole,2007,2007-08,Radøy ungdomsskule,Radøy ungdomsskule,Radøy ( - 2019),Hordaland ( - 2019),1260,12,975299163,MAT0010,Matematikk 10. årstrinn,4,3.7,20,32,4.0,3.7,20.0,32.0,False,False,False,False,2019/2020,2019,2019,1,2019,0,-12.0,-12.0,Cohort 2019,4.0,3.7
Radøy ungdomsskole,2008,2008-09,Radøy ungdomsskule,Radøy ungdomsskule,Radøy ( - 2019),Hordaland ( - 2019),1260,12,975299163,MAT0010,Matematikk 10. årstrinn,3.3,3.6,38,32,3.3,3.6,38.0,32.0,False,False,False,False,2019/2020,2019,2019,1,2019,0,-11.0,-11.0,Cohort 2019,3.3,3.6
Radøy ungdomsskole,2009,2009-10,Radøy ungdomsskule,Radøy ungdomsskule,Radøy ( - 2019),Hordaland ( - 2019),1260,12,975299163,MAT0010,Matematikk 10. årstrinn,3.2,3.6,32,32,3.2,3.6,32.0,32.0,False,False,False,False,2019/2020,2019,2019,1,2019,0,-10.0,-10.0,Cohort 2019,3.2,3.6
Radøy ungdomsskole,2010,2010-11,Radøy ungdomsskule,Radøy ungdomsskule,Radøy ( - 2019),Hordaland ( - 2019),1260,12,975299163,MAT0010,Matematikk 10. årstrinn,3.6,3.8,33,33,3.6,3.8,33.0,33.0,False,False,False,False,2019/2020,2019,2019,1,2019,0,-9.0,-9.0,Cohort 2019,3.2,3.6
Radøy ungdomsskole,2011,2011-12,Radøy ungdomsskule,Radøy ungdomsskule,Radøy ( - 2019),Hordaland ( - 2019),1260,12,975299163,MAT0010,Matematikk 10. årstrinn,3.4,3.3,37,44,3.4,3.3,37.0,44.0,False,False,False,False,2019/2020,2019,2019,1,2019,0,-8.0,-8.0,Cohort 2019,3.6,3.8
Radøy ungdomsskole,2012,2012-13,Radøy ungdomsskule,Radøy ungdomsskule,Radøy ( - 2019),Hordaland ( - 2019),1260,12,975299163,MAT0010,Matematikk 10. årstrinn,3.4,3.9,38,30,3.4,3.9,38.0,30.0,False,False,False,False,2019/2020,2019,2019,1,2019,0,-7.0,-7.0,Cohort 2019,3.4,3.3
Radøy ungdomsskole,2013,2013-14,Radøy ungdomsskule,Radøy ungdomsskule,Radøy ( - 2019),Hordaland ( - 2019),1260,12,975299163,MAT0010,Matematikk 10. årstrinn,3.3,3.8,29,28,3.3,3.8,29.0,28.0,False,False,False,False,2019/2020,2019,2019,1,2019,0,-6.0,-6.0,Cohort 2019,3.4,3.9
Radøy ungdomsskole,2014,2014-15,Radøy ungdomsskule,Radøy ungdomsskule,Radøy ( - 2019),Hordaland ( - 2019),1260,12,975299163,MAT0010,Matematikk 10. årstrinn,3.2,3.3,25,31,3.2,3.3,25.0,31.0,False,False,False,False,2019/2020,2019,2019,1,2019,0,-5.0,-5.0,Cohort 2019,3.3,3.8
Radøy ungdomsskole,2015,2015-16,Radøy ungdomsskule,Radøy ungdomsskule,Radøy ( - 2019),Hordaland ( - 2019),1260,12,975299163,MAT0010,Matematikk 10. årstrinn,3.7,3.8,32,35,3.7,3.8,32.0,35.0,False,False,False,False,2019/2020,2019,2019,1,2019,0,-4.0,-4.0,Cohort 2019,3.2,3.3
Radøy ungdomsskole,2016,2016-17,Radøy ungdomsskule,Radøy ungdomsskule,Radøy ( - 2019),Hordaland ( - 2019),1260,12,975299163,MAT0010,Matematikk 10. årstrinn,3.7,3.9,31,38,3.7,3.9,31.0,38.0,False,False,False,False,2019/2020,2019,2019,1,2019,0,-3.0,-3.0,Cohort 2019,3.7,3.8
Radøy ungdomsskole,2017,2017-18,Radøy ungdomsskule,Radøy ungdomsskule,Radøy ( - 2019),Hordaland ( - 2019),1260,12,975299163,MAT0010,Matematikk 10. årstrinn,3.6,3.4,30,38,3.6,3.4,30.0,38.0,False,False,False,False,2019/2020,2019,2019,1,2019,0,-2.0,-2.0,Cohort 2019,3.7,3.9
Radøy ungdomsskole,2018,2018-19,Radøy ungdomsskule,Radøy ungdomsskule,Radøy ( - 2019),Hordaland ( - 2019),1260,12,975299163,MAT0010,Matematikk 10. årstrinn,3.7,4.1,26,26,3.7,4.1,26.0,26.0,False,False,False,False,2019/2020,2019,2019,1,2019,0,-1.0,-1.0,Cohort 2019,3.6,3.4
Radøy ungdomsskole,2019,2019-20,Radøy ungdomsskule,Radøy ungdomsskule,Radøy ( - 2019),Hordaland ( - 2019),1260,12,975299163,MAT0010,Matematikk 10. årstrinn,3.7,3.6,32,21,3.7,3.6,32.0,21.0,False,False,False,False,2019/2020,2019,2019,1,2019,1,0.0,0.0,Cohort 2019,3.7,4.1
Rennebu ungdomsskole,2007,2007-08,Rennebu barne- og ungdomsskole,Rennebu barne- og ungdomsskole,Rennebu ( - 2017),Sør-Trøndelag ( - 2017),1635,16,975282686,MAT0010,Matematikk 10. årstrinn,2.4,3.3,15,21,2.4,3.3,15.0,21.0,False,False,False,False,2018,2018,2018,1,2018,0,-11.0,-11.0,Cohort 2018,2.4,3.3
Rennebu ungdomsskole,2008,2008-09,Rennebu barne- og ungdomsskole,Rennebu barne- og ungdomsskole,Rennebu ( - 2017),Sør-Trøndelag ( - 2017),1635,16,975282686,MAT0010,Matematikk 10. årstrinn,3.3,3.2,17,17,3.3,3.2,17.0,17.0,False,False,False,False,2018,2018,2018,1,2018,0,-10.0,-10.0,Cohort 2018,3.3,3.2
Rennebu ungdomsskole,2009,2009-10,Rennebu barne- og ungdomsskole,Rennebu barne- og ungdomsskole,Rennebu ( - 2017),Sør-Trøndelag ( - 2017),1635,16,975282686,MAT0010,Matematikk 10. årstrinn,3.6,3.6,22,18,3.6,3.6,22.0,18.0,False,False,False,False,2018,2018,2018,1,2018,0,-9.0,-9.0,Cohort 2018,3.6,3.6
Rennebu ungdomsskole,2010,2010-11,Rennebu barne- og ungdomsskole,Rennebu barne- og ungdomsskole,Rennebu ( - 2017),Sør-Trøndelag ( - 2017),1635,16,975282686,MAT0010,Matematikk 10. årstrinn,3.8,3.2,18,10,3.8,3.2,18.0,10.0,False,False,False,False,2018,2018,2018,1,2018,0,-8.0,-8.0,Cohort 2018,3.8,3.2
Rennebu ungdomsskole,2011,2011-12,Rennebu barne- og ungdomsskole,Rennebu barne- og ungdomsskole,Rennebu ( - 2017),Sør-Trøndelag ( - 2017),1635,16,975282686,MAT0010,Matematikk 10. årstrinn,2.9,3.4,20,15,2.9,3.4,20.0,15.0,False,False,False,False,2018,2018,2018,1,2018,0,-7.0,-7.0,Cohort 2018,2.9,3.4
Rennebu ungdomsskole,2012,2012-13,Rennebu barne- og ungdomsskole,Rennebu barne- og ungdomsskole,Rennebu ( - 2017),Sør-Trøndelag ( - 2017),1635,16,975282686,MAT0010,Matematikk 10. årstrinn,3.4,3.5,19,10,3.4,3.5,19.0,10.0,False,False,False,False,2018,2018,2018,1,2018,0,-6.0,-6.0,Cohort 2018,3.4,3.5
Rennebu ungdomsskole,2013,2013-14,Rennebu barne- og ungdomsskole,Rennebu barne- og ungdomsskole,Rennebu ( - 2017),Sør-Trøndelag ( - 2017),1635,16,975282686,MAT0010,Matematikk 10. årstrinn,3.5,3.6,12,16,3.5,3.6,12.0,16.0,False,False,False,False,2018,2018,2018,1,2018,0,-5.0,-5.0,Cohort 2018,3.5,3.6
Rennebu ungdomsskole,2014,2014-15,Rennebu barne- og ungdomsskole,Rennebu barne- og ungdomsskole,Rennebu ( - 2017),Sør-Trøndelag ( - 2017),1635,16,975282686,MAT0010,Matematikk 10. årstrinn,2.9,3.5,28,15,2.9,3.5,28.0,15.0,False,False,False,False,2018,2018,2018,1,2018,0,-4.0,-4.0,Cohort 2018,2.9,3.5
Rennebu ungdomsskole,2015,2015-16,Rennebu barne- og ungdomsskole,Rennebu barne- og ungdomsskole,Rennebu ( - 2017),Sør-Trøndelag ( - 2017),1635,16,975282686,MAT0010,Matematikk 10. årstrinn,3,3.7,19,18,3.0,3.7,19.0,18.0,False,False,False,False,2018,2018,2018,1,2018,0,-3.0,-3.0,Cohort 2018,3.0,3.7
Rennebu ungdomsskole,2016,2016-17,Rennebu barne- og ungdomsskole,Rennebu barne- og ungdomsskole,Rennebu ( - 2017),Sør-Trøndelag ( - 2017),1635,16,975282686,MAT0010,Matematikk 10. årstrinn,3.2,3.8,17,12,3.2,3.8,17.0,12.0,False,False,False,False,2018,2018,2018,1,2018,0,-2.0,-2.0,Cohort 2018,3.2,3.8
Rennebu ungdomsskole,2017,2017-18,Rennebu barne- og ungdomsskole,Rennebu barne- og ungdomsskole,Rennebu ( - 2017),Sør-Trøndelag ( - 2017),1635,16,975282686,MAT0010,Matematikk 10. årstrinn,2.6,3.1,14,16,2.6,3.1,14.0,16.0,False,False,False,False,2018,2018,2018,1,2018,0,-1.0,-1.0,Cohort 2018,2.6,3.1
Rennebu ungdomsskole,2018,2018-19,Rennebu barne- og ungdomsskole,Rennebu barne- og ungdomsskole,Rennebu,Trøndelag - Trööndelage,5022,50,975282686,MAT0010,Matematikk 10. årstrinn,3.4,3.8,14,16,3.4,3.8,14.0,16.0,False,False,False,False,2018,2018,2018,1,2018,1,0.0,0.0,Cohort 2018,3.4,3.8
Rennebu ungdomsskole,2019,2019-20,Rennebu barne- og ungdomsskole,Rennebu barne- og ungdomsskole,Rennebu,Trøndelag - Trööndelage,5022,50,975282686,MAT0010,Matematikk 10. årstrinn,3.6,3.8,17,13,3.6,3.8,17.0,13.0,False,False,False,False,2018,2018,2018,1,2018,1,1.0,1.0,Cohort 2018,3.6,3.8
Rennebu ungdomsskole,2020,2020-21,Rennebu barne- og ungdomsskole,Rennebu barne- og ungdomsskole,Rennebu,Trøndelag - Trööndelage,5022,50,975282686,MAT0010,Matematikk 10. årstrinn,3.1,3.3,14,11,3.1,3.3,14.0,11.0,False,False,False,False,2018,2018,2018,1,2018,1,2.0,2.0,Cohort 2018,3.1,3.3
Rossfjord skole,2007,2007-08,Rossfjord barne- og ungdomsskole,Rossfjord barne- og ungdomsskole,Lenvik ( - 2019),Troms - Romsa ( - 2019),1931,19,975285359,MAT0010,Matematikk 10. årstrinn,3.3,3.4,6,7,3.3,3.4,6.0,7.0,False,False,False,False,2016,2016,2016,1,2016,0,-9.0,-9.0,Cohort 2016,3.8,3.9
Rossfjord skole,2008,2008-09,Rossfjord barne- og ungdomsskole,Rossfjord barne- og ungdomsskole,Lenvik ( - 2019),Troms - Romsa ( - 2019),1931,19,975285359,MAT0010,Matematikk 10. årstrinn,3.8,3.9,11,10,3.8,3.9,11.0,10.0,False,False,False,False,2016,2016,2016,1,2016,0,-8.0,-8.0,Cohort 2016,3.2,4.3
Rossfjord skole,2009,2009-10,Rossfjord barne- og ungdomsskole,Rossfjord barne- og ungdomsskole,Lenvik ( - 2019),Troms - Romsa ( - 2019),1931,19,975285359,MAT0010,Matematikk 10. årstrinn,3.2,4.3,6,8,3.2,4.3,6.0,8.0,False,False,False,False,2016,2016,2016,1,2016,0,-7.0,-7.0,Cohort 2016,4.1,3.6
Rossfjord skole,2010,2010-11,Rossfjord barne- og ungdomsskole,Rossfjord barne- og ungdomsskole,Lenvik ( - 2019),Troms - Romsa ( - 2019),1931,19,975285359,MAT0010,Matematikk 10. årstrinn,4.1,3.6,9,8,4.1,3.6,9.0,8.0,False,False,False,False,2016,2016,2016,1,2016,0,-6.0,-6.0,Cohort 2016,,
Rossfjord skole,2011,2011-12,Rossfjord barne- og ungdomsskole,Rossfjord barne- og ungdomsskole,Lenvik ( - 2019),Troms - Romsa ( - 2019),1931,19,975285359,MAT0010,Matematikk 10. årstrinn,*,*,*,*,,,,,True,True,True,True,2016,2016,2016,1,2016,0,-5.0,-5.0,Cohort 2016,,
Rossfjord skole,2012,2012-13,Rossfjord barne- og ungdomsskole,Rossfjord barne- og ungdomsskole,Lenvik ( - 2019),Troms - Romsa ( - 2019),1931,19,975285359,MAT0010,Matematikk 10. årstrinn,*,*,*,*,,,,,True,True,True,True,2016,2016,2016,1,2016,0,-4.0,-4.0,Cohort 2016,,
Rossfjord skole,2013,2013-14,Rossfjord barne- og ungdomsskole,Rossfjord barne- og ungdomsskole,Lenvik ( - 2019),Troms - Romsa ( - 2019),1931,19,975285359,MAT0010,Matematikk 10. årstrinn,*,*,*,*,,,,,True,True,True,True,2016,2016,2016,1,2016,0,-3.0,-3.0,Cohort 2016,,
Rossfjord skole,2014,2014-15,Rossfjord barne- og ungdomsskole,Rossfjord barne- og ungdomsskole,Lenvik ( - 2019),Troms - Romsa ( - 2019),1931,19,975285359,MAT0010,Matematikk 10. årstrinn,3.5,3.4,11,8,3.5,3.4,11.0,8.0,False,False,False,False,2016,2016,2016,1,2016,0,-2.0,-2.0,Cohort 2016,3.5,3.4
Rossfjord skole,2015,2015-16,Rossfjord barne- og ungdomsskole,Rossfjord barne- og ungdomsskole,Lenvik ( - 2019),Troms - Romsa ( - 2019),1931,19,975285359,MAT0010,Matematikk 10. årstrinn,*,*,*,*,,,,,True,True,True,True,2016,2016,2016,1,2016,0,-1.0,-1.0,Cohort 2016,,
Rossfjord skole,2016,2016-17,Rossfjord barne- og ungdomsskole,Rossfjord barne- og ungdomsskole,Lenvik ( - 2019),Troms - Romsa ( - 2019),1931,19,975285359,MAT0010,Matematikk 10. årstrinn,*,*,*,*,,,,,True,True,True,True,2016,2016,2016,1,2016,1,0.0,0.0,Cohort 2016,,
Rossfjord skole,2017,2017-18,Rossfjord barne- og ungdomsskole,Rossfjord barne- og ungdomsskole,Lenvik ( - 2019),Troms - Romsa ( - 2019),1931,19,975285359,MAT0010,Matematikk 10. årstrinn,*,*,*,*,,,,,True,True,True,True,2016,2016,2016,1,2016,1,1.0,1.0,Cohort 2016,,
Rossfjord skole,2018,2018-19,Rossfjord barne- og ungdomsskole,Rossfjord barne- og ungdomsskole,Lenvik ( - 2019),Troms - Romsa ( - 2019),1931,19,975285359,MAT0010,Matematikk 10. årstrinn,*,*,*,*,,,,,True,True,True,True,2016,2016,2016,1,2016,1,2.0,2.0,Cohort 2016,,
Rossfjord skole,2019,2019-20,Rossfjord barne- og ungdomsskole,Rossfjord barne- og ungdomsskole,Lenvik ( - 2019),Troms - Romsa ( - 2019),1931,19,975285359,MAT0010,Matematikk 10. årstrinn,*,*,*,*,,,,,True,True,True,True,2016,2016,2016,1,2016,1,3.0,3.0,Cohort 2016,,
Rossfjord skole,2020,2020-21,Rossfjord barne- og ungdomsskole,Rossfjord barne- og ungdomsskole,Senja (2020 - 2023),Troms og Finnmark - Romsa ja Finnmárku - Tromssa ja Finmarkku (2020 - 2023),5421,54,975285359,MAT0010,Matematikk 10. årstrinn,3.6,3.2,8,6,3.6,3.2,8.0,6.0,False,False,False,False,2016,2016,2016,1,2016,1,4.0,4.0,Cohort 2016,3.6,3.2
Senjahopen skole,2007,2007-08,Senjahopen skole,Senjahopen skole,Berg ( - 2019),Troms - Romsa ( - 2019),1929,19,974061651,MAT0010,Matematikk 10. årstrinn,*,*,*,*,,,,,True,True,True,True,2016,2016,2016,1,2016,0,-9.0,-9.0,Cohort 2016,,
Senjahopen skole,2008,2008-09,Senjahopen skole,Senjahopen skole,Berg ( - 2019),Troms - Romsa ( - 2019),1929,19,974061651,MAT0010,Matematikk 10. årstrinn,*,*,*,*,,,,,True,True,True,True,2016,2016,2016,1,2016,0,-8.0,-8.0,Cohort 2016,,
Senjahopen skole,2009,2009-10,Senjahopen skole,Senjahopen skole,Berg ( - 2019),Troms - Romsa ( - 2019),1929,19,974061651,MAT0010,Matematikk 10. årstrinn,3.4,4,7,8,3.4,4.0,7.0,8.0,False,False,False,False,2016,2016,2016,1,2016,0,-7.0,-7.0,Cohort 2016,3.4,4.0
Senjahopen skole,2010,2010-11,Senjahopen skole,Senjahopen skole,Berg ( - 2019),Troms - Romsa ( - 2019),1929,19,974061651,MAT0010,Matematikk 10. årstrinn,*,*,*,*,,,,,True,True,True,True,2016,2016,2016,1,2016,0,-6.0,-6.0,Cohort 2016,,
Senjahopen skole,2011,2011-12,Senjahopen skole,Senjahopen skole,Berg ( - 2019),Troms - Romsa ( - 2019),1929,19,974061651,MAT0010,Matematikk 10. årstrinn,*,,*,,,,,,True,False,True,False,2016,2016,2016,1,2016,0,-5.0,-5.0,Cohort 2016,,
Senjahopen skole,2012,2012-13,Senjahopen skole,Senjahopen skole,Berg ( - 2019),Troms - Romsa ( - 2019),1929,19,974061651,MAT0010,Matematikk 10. årstrinn,*,*,*,*,,,,,True,True,True,True,2016,2016,2016,1,2016,0,-4.0,-4.0,Cohort 2016,,
Senjahopen skole,2013,2013-14,Senjahopen skole,Senjahopen skole,Berg ( - 2019),Troms - Romsa ( - 2019),1929,19,974061651,MAT0010,Matematikk 10. årstrinn,*,*,*,*,,,,,True,True,True,True,2016,2016,2016,1,2016,0,-3.0,-3.0,Cohort 2016,,
Senjahopen skole,2014,2014-15,Senjahopen skole,Senjahopen skole,Berg ( - 2019),Troms - Romsa ( - 2019),1929,19,974061651,MAT0010,Matematikk 10. årstrinn,*,*,*,*,,,,,True,True,True,True,2016,2016,2016,1,2016,0,-2.0,-2.0,Cohort 2016,,
Senjahopen skole,2015,2015-16,Senjahopen skole,Senjahopen skole,Berg ( - 2019),Troms - Romsa ( - 2019),1929,19,974061651,MAT0010,Matematikk 10. årstrinn,*,*,*,*,,,,,True,True,True,True,2016,2016,2016,1,2016,0,-1.0,-1.0,Cohort 2016,,
Senjahopen skole,2016,2016-17,Senjahopen skole,Senjahopen skole,Berg ( - 2019),Troms - Romsa ( - 2019),1929,19,974061651,MAT0010,Matematikk 10. årstrinn,*,*,*,*,,,,,True,True,True,True,2016,2016,2016,1,2016,1,0.0,0.0,Cohort 2016,,
Skarpengland skole,2007,2007-08,Skarpengland skole,Skarpengland skole,Vennesla ( - 2019),Vest-Agder ( - 2019),1014,10,875267582,MAT0010,Matematikk 10. årstrinn,2.8,3.6,17,12,2.8,3.6,17.0,12.0,False,False,False,False,2017,2017,2017,1,2017,0,-10.0,-10.0,Cohort 2017,2.8,3.6
Skarpengland skole,2008,2008-09,Skarpengland skole,Skarpengland skole,Vennesla ( - 2019),Vest-Agder ( - 2019),1014,10,875267582,MAT0010,Matematikk 10. årstrinn,3.7,3.2,20,14,3.7,3.2,20.0,14.0,False,False,False,False,2017,2017,2017,1,2017,0,-9.0,-9.0,Cohort 2017,3.7,3.2
Skarpengland skole,2009,2009-10,Skarpengland skole,Skarpengland skole,Vennesla ( - 2019),Vest-Agder ( - 2019),1014,10,875267582,MAT0010,Matematikk 10. årstrinn,3.7,3.4,15,24,3.7,3.4,15.0,24.0,False,False,False,False,2017,2017,2017,1,2017,0,-8.0,-8.0,Cohort 2017,3.7,3.4
Skarpengland skole,2010,2010-11,Skarpengland skole,Skarpengland skole,Vennesla ( - 2019),Vest-Agder ( - 2019),1014,10,875267582,MAT0010,Matematikk 10. årstrinn,3.9,3.6,20,21,3.9,3.6,20.0,21.0,False,False,False,False,2017,2017,2017,1,2017,0,-7.0,-7.0,Cohort 2017,3.9,3.6
Skarpengland skole,2011,2011-12,Skarpengland skole,Skarpengland skole,Vennesla ( - 2019),Vest-Agder ( - 2019),1014,10,875267582,MAT0010,Matematikk 10. årstrinn,3.7,4.1,12,23,3.7,4.1,12.0,23.0,False,False,False,False,2017,2017,2017,1,2017,0,-6.0,-6.0,Cohort 2017,3.7,4.1
Skarpengland skole,2012,2012-13,Skarpengland skole,Skarpengland skole,Vennesla ( - 2019),Vest-Agder ( - 2019),1014,10,875267582,MAT0010,Matematikk 10. årstrinn,2.8,3.7,13,21,2.8,3.7,13.0,21.0,False,False,False,False,2017,2017,2017,1,2017,0,-5.0,-5.0,Cohort 2017,2.8,3.7
Skarpengland skole,2013,2013-14,Skarpengland skole,Skarpengland skole,Vennesla ( - 2019),Vest-Agder ( - 2019),1014,10,875267582,MAT0010,Matematikk 10. årstrinn,3.1,3.2,22,26,3.1,3.2,22.0,26.0,False,False,False,False,2017,2017,2017,1,2017,0,-4.0,-4.0,Cohort 2017,3.1,3.2
Skarpengland skole,2014,2014-15,Skarpengland skole,Skarpengland skole,Vennesla ( - 2019),Vest-Agder ( - 2019),1014,10,875267582,MAT0010,Matematikk 10. årstrinn,3.7,3.3,15,20,3.7,3.3,15.0,20.0,False,False,False,False,2017,2017,2017,1,2017,0,-3.0,-3.0,Cohort 2017,3.7,3.3
Skarpengland skole,2015,2015-16,Skarpengland skole,Skarpengland skole,Vennesla ( - 2019),Vest-Agder ( - 2019),1014,10,875267582,MAT0010,Matematikk 10. årstrinn,3.6,3.2,13,11,3.6,3.2,13.0,11.0,False,False,False,False,2017,2017,2017,1,2017,0,-2.0,-2.0,Cohort 2017,3.6,3.2
Skarpengland skole,2016,2016-17,Skarpengland skole,Skarpengland skole,Vennesla ( - 2019),Vest-Agder ( - 2019),1014,10,875267582,MAT0010,Matematikk 10. årstrinn,3.1,3.1,16,14,3.1,3.1,16.0,14.0,False,False,False,False,2017,2017,2017,1,2017,0,-1.0,-1.0,Cohort 2017,3.1,3.1
Skarpengland skole,2017,2017-18,Skarpengland skole,Skarpengland skole,Vennesla ( - 2019),Vest-Agder ( - 2019),1014,10,875267582,MAT0010,Matematikk 10. årstrinn,3,2.8,22,12,3.0,2.8,22.0,12.0,False,False,False,False,2017,2017,2017,1,2017,1,0.0,0.0,Cohort 2017,3.0,2.8
Skarpengland skole,2018,2018-19,Skarpengland skole,Skarpengland skole,Vennesla ( - 2019),Vest-Agder ( - 2019),1014,10,875267582,MAT0010,Matematikk 10. årstrinn,3.3,3.2,23,20,3.3,3.2,23.0,20.0,False,False,False,False,2017,2017,2017,1,2017,1,1.0,1.0,Cohort 2017,3.3,3.2
Skarpengland skole,2019,2019-20,Skarpengland skole,Skarpengland skole,Vennesla ( - 2019),Vest-Agder ( - 2019),1014,10,875267582,MAT0010,Matematikk 10. årstrinn,3.5,3.1,14,23,3.5,3.1,14.0,23.0,False,False,False,False,2017,2017,2017,1,2017,1,2.0,2.0,Cohort 2017,3.5,3.1
Skarpengland skole,2020,2020-21,Skarpengland skole,Skarpengland skole,Vennesla,Agder,4223,42,875267582,MAT0010,Matematikk 10. årstrinn,3.8,3.8,15,20,3.8,3.8,15.0,20.0,False,False,False,False,2017,2017,2017,1,2017,1,3.0,3.0,Cohort 2017,,3.8
Skarpengland skole,2021,2021-22,Skarpengland skole,Skarpengland skole,Vennesla,Agder,4223,42,875267582,MAT0010,Matematikk 10. årstrinn,,,,,,,,,False,False,False,False,2017,2017,2017,1,2017,1,4.0,4.0,Cohort 2017,,3.8
Vegårshei skule,2007,2007-08,Vegårshei skule,Vegårshei skule,Vegårshei ( - 2019),Aust-Agder ( - 2019),912,9,975289850,MAT0010,Matematikk 10. årstrinn,3.5,4,12,11,3.5,4.0,12.0,11.0,False,False,False,False,2018,2018,2018,1,2018,0,-11.0,-11.0,Cohort 2018,3.5,4.0
Vegårshei skule,2008,2008-09,Vegårshei skule,Vegårshei skule,Vegårshei ( - 2019),Aust-Agder ( - 2019),912,9,975289850,MAT0010,Matematikk 10. årstrinn,3.6,4,14,11,3.6,4.0,14.0,11.0,False,False,False,False,2018,2018,2018,1,2018,0,-10.0,-10.0,Cohort 2018,3.6,4.0
Vegårshei skule,2009,2009-10,Vegårshei skule,Vegårshei skule,Vegårshei ( - 2019),Aust-Agder ( - 2019),912,9,975289850,MAT0010,Matematikk 10. årstrinn,4.1,4,19,11,4.1,4.0,19.0,11.0,False,False,False,False,2018,2018,2018,1,2018,0,-9.0,-9.0,Cohort 2018,4.1,4.0
Vegårshei skule,2010,2010-11,Vegårshei skule,Vegårshei skule,Vegårshei ( - 2019),Aust-Agder ( - 2019),912,9,975289850,MAT0010,Matematikk 10. årstrinn,3,3.8,14,10,3.0,3.8,14.0,10.0,False,False,False,False,2018,2018,2018,1,2018,0,-8.0,-8.0,Cohort 2018,3.0,3.8
Vegårshei skule,2011,2011-12,Vegårshei skule,Vegårshei skule,Vegårshei ( - 2019),Aust-Agder ( - 2019),912,9,975289850,MAT0010,Matematikk 10. årstrinn,4.1,3.6,15,14,4.1,3.6,15.0,14.0,False,False,False,False,2018,2018,2018,1,2018,0,-7.0,-7.0,Cohort 2018,4.1,3.6
Vegårshei skule,2012,2012-13,Vegårshei skule,Vegårshei skule,Vegårshei ( - 2019),Aust-Agder ( - 2019),912,9,975289850,MAT0010,Matematikk 10. årstrinn,3.2,3.9,13,17,3.2,3.9,13.0,17.0,False,False,False,False,2018,2018,2018,1,2018,0,-6.0,-6.0,Cohort 2018,3.2,3.9
Vegårshei skule,2013,2013-14,Vegårshei skule,Vegårshei skule,Vegårshei ( - 2019),Aust-Agder ( - 2019),912,9,975289850,MAT0010,Matematikk 10. årstrinn,3.4,4.2,13,15,3.4,4.2,13.0,15.0,False,False,False,False,2018,2018,2018,1,2018,0,-5.0,-5.0,Cohort 2018,3.4,4.2
Vegårshei skule,2014,2014-15,Vegårshei skule,Vegårshei skule,Vegårshei ( - 2019),Aust-Agder ( - 2019),912,9,975289850,MAT0010,Matematikk 10. årstrinn,2.8,3.8,10,16,2.8,3.8,10.0,16.0,False,False,False,False,2018,2018,2018,1,2018,0,-4.0,-4.0,Cohort 2018,2.8,3.8
Vegårshei skule,2015,2015-16,Vegårshei skule,Vegårshei skule,Vegårshei ( - 2019),Aust-Agder ( - 2019),912,9,975289850,MAT0010,Matematikk 10. årstrinn,3.5,4.6,11,9,3.5,4.6,11.0,9.0,False,False,False,False,2018,2018,2018,1,2018,0,-3.0,-3.0,Cohort 2018,3.5,4.6
Vegårshei skule,2016,2016-17,Vegårshei skule,Vegårshei skule,Vegårshei ( - 2019),Aust-Agder ( - 2019),912,9,975289850,MAT0010,Matematikk 10. årstrinn,3.4,3.2,16,14,3.4,3.2,16.0,14.0,False,False,False,False,2018,2018,2018,1,2018,0,-2.0,-2.0,Cohort 2018,3.4,3.2
Vegårshei skule,2017,2017-18,Vegårshei skule,Vegårshei skule,Vegårshei ( - 2019),Aust-Agder ( - 2019),912,9,975289850,MAT0010,Matematikk 10. årstrinn,3.5,3,12,13,3.5,3.0,12.0,13.0,False,False,False,False,2018,2018,2018,1,2018,0,-1.0,-1.0,Cohort 2018,3.5,3.0
Vegårshei skule,2018,2018-19,Vegårshei skule,Vegårshei skule,Vegårshei ( - 2019),Aust-Agder ( - 2019),912,9,975289850,MAT0010,Matematikk 10. årstrinn,3.9,3.3,16,12,3.9,3.3,16.0,12.0,False,False,False,False,2018,2018,2018,1,2018,1,0.0,0.0,Cohort 2018,3.9,3.3
Vegårshei skule,2019,2019-20,Vegårshei skule,Vegårshei skule,Vegårshei ( - 2019),Aust-Agder ( - 2019),912,9,975289850,MAT0010,Matematikk 10. årstrinn,3,3.1,12,17,3.0,3.1,12.0,17.0,False,False,False,False,2018,2018,2018,1,2018,1,1.0,1.0,Cohort 2018,3.0,3.1
Vegårshei skule,2020,2020-21,Vegårshei skule,Vegårshei skule,Vegårshei,Agder,4212,42,975289850,MAT0010,Matematikk 10. årstrinn,3.3,3.4,9,14,3.3,3.4,9.0,14.0,False,False,False,False,2018,2018,2018,1,2018,1,2.0,2.0,Cohort 2018,3.3,3.4
Vennesla ungdomsskole,2007,2007-08,Vennesla ungdomsskole,Vennesla ungdomsskole,Vennesla ( - 2019),Vest-Agder ( - 2019),1014,10,873844302,MAT0010,Matematikk 10. årstrinn,3.5,3.5,84,58,3.5,3.5,84.0,58.0,False,False,False,False,2017,2017,2017,1,2017,0,-10.0,-10.0,Cohort 2017,3.5,3.5
Vennesla ungdomsskole,2008,2008-09,Vennesla ungdomsskole,Vennesla ungdomsskole,Vennesla ( - 2019),Vest-Agder ( - 2019),1014,10,873844302,MAT0010,Matematikk 10. årstrinn,3.2,3.7,73,73,3.2,3.7,73.0,73.0,False,False,False,False,2017,2017,2017,1,2017,0,-9.0,-9.0,Cohort 2017,3.2,3.7
Vennesla ungdomsskole,2009,2009-10,Vennesla ungdomsskole,Vennesla ungdomsskole,Vennesla ( - 2019),Vest-Agder ( - 2019),1014,10,873844302,MAT0010,Matematikk 10. årstrinn,3.4,3.3,72,72,3.4,3.3,72.0,72.0,False,False,False,False,2017,2017,2017,1,2017,0,-8.0,-8.0,Cohort 2017,3.4,3.3
Vennesla ungdomsskole,2010,2010-11,Vennesla ungdomsskole,Vennesla ungdomsskole,Vennesla ( - 2019),Vest-Agder ( - 2019),1014,10,873844302,MAT0010,Matematikk 10. årstrinn,3.4,3.6,76,74,3.4,3.6,76.0,74.0,False,False,False,False,2017,2017,2017,1,2017,0,-7.0,-7.0,Cohort 2017,3.4,3.6
Vennesla ungdomsskole,2011,2011-12,Vennesla ungdomsskole,Vennesla ungdomsskole,Vennesla ( - 2019),Vest-Agder ( - 2019),1014,10,873844302,MAT0010,Matematikk 10. årstrinn,3.2,3.7,82,70,3.2,3.7,82.0,70.0,False,False,False,False,2017,2017,2017,1,2017,0,-6.0,-6.0,Cohort 2017,3.2,3.7
Vennesla ungdomsskole,2012,2012-13,Vennesla ungdomsskole,Vennesla ungdomsskole,Vennesla ( - 2019),Vest-Agder ( - 2019),1014,10,873844302,MAT0010,Matematikk 10. årstrinn,2.9,3.3,79,67,2.9,3.3,79.0,67.0,False,False,False,False,2017,2017,2017,1,2017,0,-5.0,-5.0,Cohort 2017,2.9,3.3
Vennesla ungdomsskole,2013,2013-14,Vennesla ungdomsskole,Vennesla ungdomsskole,Vennesla ( - 2019),Vest-Agder ( - 2019),1014,10,873844302,MAT0010,Matematikk 10. årstrinn,3.4,3.6,80,76,3.4,3.6,80.0,76.0,False,False,False,False,2017,2017,2017,1,2017,0,-4.0,-4.0,Cohort 2017,3.4,3.6
Vennesla ungdomsskole,2014,2014-15,Vennesla ungdomsskole,Vennesla ungdomsskole,Vennesla ( - 2019),Vest-Agder ( - 2019),1014,10,873844302,MAT0010,Matematikk 10. årstrinn,3,3.4,76,79,3.0,3.4,76.0,79.0,False,False,False,False,2017,2017,2017,1,2017,0,-3.0,-3.0,Cohort 2017,3.0,3.4
Vennesla ungdomsskole,2015,2015-16,Vennesla ungdomsskole,Vennesla ungdomsskole,Vennesla ( - 2019),Vest-Agder ( - 2019),1014,10,873844302,MAT0010,Matematikk 10. årstrinn,3.4,3.5,74,70,3.4,3.5,74.0,70.0,False,False,False,False,2017,2017,2017,1,2017,0,-2.0,-2.0,Cohort 2017,3.4,3.5
Vennesla ungdomsskole,2016,2016-17,Vennesla ungdomsskole,Vennesla ungdomsskole,Vennesla ( - 2019),Vest-Agder ( - 2019),1014,10,873844302,MAT0010,Matematikk 10. årstrinn,3.3,3.3,78,63,3.3,3.3,78.0,63.0,False,False,False,False,2017,2017,2017,1,2017,0,-1.0,-1.0,Cohort 2017,3.3,3.3
Vennesla ungdomsskole,2017,2017-18,Vennesla ungdomsskole,Vennesla ungdomsskole,Vennesla ( - 2019),Vest-Agder ( - 2019),1014,10,873844302,MAT0010,Matematikk 10. årstrinn,3.3,3.3,58,68,3.3,3.3,58.0,68.0,False,False,False,False,2017,2017,2017,1,2017,1,0.0,0.0,Cohort 2017,3.3,3.3
Vennesla ungdomsskole,2018,2018-19,Vennesla ungdomsskole,Vennesla ungdomsskole,Vennesla ( - 2019),Vest-Agder ( - 2019),1014,10,873844302,MAT0010,Matematikk 10. årstrinn,2.9,3.6,54,64,2.9,3.6,54.0,64.0,False,False,False,False,2017,2017,2017,1,2017,1,1.0,1.0,Cohort 2017,2.9,3.6
Vennesla ungdomsskole,2019,2019-20,Vennesla ungdomsskole,Vennesla ungdomsskole,Vennesla ( - 2019),Vest-Agder ( - 2019),1014,10,873844302,MAT0010,Matematikk 10. årstrinn,3.4,3.7,67,48,3.4,3.7,67.0,48.0,False,False,False,False,2017,2017,2017,1,2017,1,2.0,2.0,Cohort 2017,3.4,3.7
Vennesla ungdomsskole,2020,2020-21,Vennesla ungdomsskole,Vennesla ungdomsskole,Vennesla,Agder,4223,42,873844302,MAT0010,Matematikk 10. årstrinn,3.3,3.4,75,89,3.3,3.4,75.0,89.0,False,False,False,False,2017,2017,2017,1,2017,1,3.0,3.0,Cohort 2017,3.3,3.4
Åmli skule,2007,2007-08,Åmli skule,Åmli skule,Åmli ( - 2019),Aust-Agder ( - 2019),929,9,975283291,MAT0010,Matematikk 10. årstrinn,3.1,2.5,10,8,3.1,2.5,10.0,8.0,False,False,False,False,2017,2017,2017,1,2017,0,-10.0,-10.0,Cohort 2017,3.1,2.5
Åmli skule,2008,2008-09,Åmli skule,Åmli skule,Åmli ( - 2019),Aust-Agder ( - 2019),929,9,975283291,MAT0010,Matematikk 10. årstrinn,2.5,2.7,12,14,2.5,2.7,12.0,14.0,False,False,False,False,2017,2017,2017,1,2017,0,-9.0,-9.0,Cohort 2017,2.5,2.7
Åmli skule,2009,2009-10,Åmli skule,Åmli skule,Åmli ( - 2019),Aust-Agder ( - 2019),929,9,975283291,MAT0010,Matematikk 10. årstrinn,2.9,3.5,17,10,2.9,3.5,17.0,10.0,False,False,False,False,2017,2017,2017,1,2017,0,-8.0,-8.0,Cohort 2017,2.9,3.5
Åmli skule,2010,2010-11,Åmli skule,Åmli skule,Åmli ( - 2019),Aust-Agder ( - 2019),929,9,975283291,MAT0010,Matematikk 10. årstrinn,2.9,3.1,8,14,2.9,3.1,8.0,14.0,False,False,False,False,2017,2017,2017,1,2017,0,-7.0,-7.0,Cohort 2017,2.9,3.1
Åmli skule,2011,2011-12,Åmli skule,Åmli skule,Åmli ( - 2019),Aust-Agder ( - 2019),929,9,975283291,MAT0010,Matematikk 10. årstrinn,3,3.1,18,10,3.0,3.1,18.0,10.0,False,False,False,False,2017,2017,2017,1,2017,0,-6.0,-6.0,Cohort 2017,3.0,3.1
Åmli skule,2012,2012-13,Åmli skule,Åmli skule,Åmli ( - 2019),Aust-Agder ( - 2019),929,9,975283291,MAT0010,Matematikk 10. årstrinn,2.8,3.8,22,12,2.8,3.8,22.0,12.0,False,False,False,False,2017,2017,2017,1,2017,0,-5.0,-5.0,Cohort 2017,2.8,3.8
Åmli skule,2013,2013-14,Åmli skule,Åmli skule,Åmli ( - 2019),Aust-Agder ( - 2019),929,9,975283291,MAT0010,Matematikk 10. årstrinn,2.8,3.8,12,11,2.8,3.8,12.0,11.0,False,False,False,False,2017,2017,2017,1,2017,0,-4.0,-4.0,Cohort 2017,3.3,3.8
Åmli skule,2014,2014-15,Åmli skule,Åmli skule,Åmli ( - 2019),Aust-Agder ( - 2019),929,9,975283291,MAT0010,Matematikk 10. årstrinn,3.3,3.8,15,13,3.3,3.8,15.0,13.0,False,False,False,False,2017,2017,2017,1,2017,0,-3.0,-3.0,Cohort 2017,3.4,2.8
Åmli skule,2015,2015-16,Åmli skule,Åmli skule,Åmli ( - 2019),Aust-Agder ( - 2019),929,9,975283291,MAT0010,Matematikk 10. årstrinn,3.4,2.8,14,13,3.4,2.8,14.0,13.0,False,False,False,False,2017,2017,2017,1,2017,0,-2.0,-2.0,Cohort 2017,2.5,3.6
Åmli skule,2016,2016-17,Åmli skule,Åmli skule,Åmli ( - 2019),Aust-Agder ( - 2019),929,9,975283291,MAT0010,Matematikk 10. årstrinn,2.5,3.6,8,12,2.5,3.6,8.0,12.0,False,False,False,False,2017,2017,2017,1,2017,0,-1.0,-1.0,Cohort 2017,3.0,3.2
Åmli skule,2017,2017-18,Åmli skule,Åmli skule,Åmli ( - 2019),Aust-Agder ( - 2019),929,9,975283291,MAT0010,Matematikk 10. årstrinn,3,3.2,12,11,3.0,3.2,12.0,11.0,False,False,False,False,2017,2017,2017,1,2017,1,0.0,0.0,Cohort 2017,2.8,3.6
Åmli skule,2018,2018-19,Åmli skule,Åmli skule,Åmli ( - 2019),Aust-Agder ( - 2019),929,9,975283291,MAT0010,Matematikk 10. årstrinn,2.8,3.6,10,7,2.8,3.6,10.0,7.0,False,False,False,False,2017,2017,2017,1,2017,1,1.0,1.0,Cohort 2017,4.1,3.6
Åmli skule,2019,2019-20,Åmli skule,Åmli skule,Åmli ( - 2019),Aust-Agder ( - 2019),929,9,975283291,MAT0010,Matematikk 10. årstrinn,4.1,3.6,11,9,4.1,3.6,11.0,9.0,False,False,False,False,2017,2017,2017,1,2017,1,2.0,2.0,Cohort 2017,3.0,3.4
