school_id,year,school_year_label,school_name_raw,school_id_outcome,municipality,county,municipality_code_raw,county_code_raw,organisation_number_raw,subject_code_raw,subject_name_raw,boy_grade_raw,girl_grade_raw,boy_count_raw,girl_count_raw,boy_grade,girl_grade,boy_count,girl_count,boy_grade_suppressed,girl_grade_suppressed,boy_count_suppressed,girl_count_suppressed,treatment_year_raw,first_treat_year_raw_clean,first_treat_year,ever_treated,gvar,post,flex,event_time,cohort_label,studentgrade_boy,studentgrade_girl,population,higher_education_share,high_income_household_share_750k_plus,unrestricted_revenues_per_capita
Alta ungdomskole,2007,2007-08,Alta ungdomsskole,Alta ungdomsskole,Alta ( - 2019),Finnmark - Finnmárku ( - 2019),2012,20,874065102,MAT0010,Matematikk 10. årstrinn,3.6,3.7,55,55,3.6,3.7,55.0,55.0,False,False,False,False,2017,2017,2017,1,2017,0,-10.0,-10.0,Cohort 2017,3.6,3.7,18090,25.799999999999997,10.0,
Alta ungdomskole,2008,2008-09,Alta ungdomsskole,Alta ungdomsskole,Alta ( - 2019),Finnmark - Finnmárku ( - 2019),2012,20,874065102,MAT0010,Matematikk 10. årstrinn,3.1,3.3,67,63,3.1,3.3,67.0,63.0,False,False,False,False,2017,2017,2017,1,2017,0,-9.0,-9.0,Cohort 2017,3.1,3.3,18272,26.5,14.0,
Alta ungdomskole,2009,2009-10,Alta ungdomsskole,Alta ungdomsskole,Alta ( - 2019),Finnmark - Finnmárku ( - 2019),2012,20,874065102,MAT0010,Matematikk 10. årstrinn,3.4,3.6,70,59,3.4,3.6,70.0,59.0,False,False,False,False,2017,2017,2017,1,2017,0,-8.0,-8.0,Cohort 2017,3.4,3.6,18488,26.9,14.0,
Alta ungdomskole,2010,2010-11,Alta ungdomsskole,Alta ungdomsskole,Alta ( - 2019),Finnmark - Finnmárku ( - 2019),2012,20,874065102,MAT0010,Matematikk 10. årstrinn,3.3,3.6,66,69,3.3,3.6,66.0,69.0,False,False,False,False,2017,2017,2017,1,2017,0,-7.0,-7.0,Cohort 2017,3.3,3.6,18680,27.5,17.0,
Alta ungdomskole,2011,2011-12,Alta ungdomsskole,Alta ungdomsskole,Alta ( - 2019),Finnmark - Finnmárku ( - 2019),2012,20,874065102,MAT0010,Matematikk 10. årstrinn,3.2,3.2,69,53,3.2,3.2,69.0,53.0,False,False,False,False,2017,2017,2017,1,2017,0,-6.0,-6.0,Cohort 2017,3.2,3.2,19071,27.900000000000002,20.0,
Alta ungdomskole,2012,2012-13,Alta ungdomsskole,Alta ungdomsskole,Alta ( - 2019),Finnmark - Finnmárku ( - 2019),2012,20,874065102,MAT0010,Matematikk 10. årstrinn,3,3.1,77,74,3.0,3.1,77.0,74.0,False,False,False,False,2017,2017,2017,1,2017,0,-5.0,-5.0,Cohort 2017,3.0,3.1,19282,28.299999999999997,22.0,
Alta ungdomskole,2013,2013-14,Alta ungdomsskole,Alta ungdomsskole,Alta ( - 2019),Finnmark - Finnmárku ( - 2019),2012,20,874065102,MAT0010,Matematikk 10. årstrinn,3.4,3.5,71,61,3.4,3.5,71.0,61.0,False,False,False,False,2017,2017,2017,1,2017,0,-4.0,-4.0,Cohort 2017,3.4,3.5,19646,28.5,26.0,
Alta ungdomskole,2014,2014-15,Alta ungdomsskole,Alta ungdomsskole,Alta ( - 2019),Finnmark - Finnmárku ( - 2019),2012,20,874065102,MAT0010,Matematikk 10. årstrinn,3.2,3.1,85,86,3.2,3.1,85.0,86.0,False,False,False,False,2017,2017,2017,1,2017,0,-3.0,-3.0,Cohort 2017,3.2,3.1,19822,29.4,27.0,
Alta ungdomskole,2015,2015-16,Alta ungdomsskole,Alta ungdomsskole,Alta ( - 2019),Finnmark - Finnmárku ( - 2019),2012,20,874065102,MAT0010,Matematikk 10. årstrinn,3,3.4,64,82,3.0,3.4,64.0,82.0,False,False,False,False,2017,2017,2017,1,2017,0,-2.0,-2.0,Cohort 2017,3.0,3.4,19898,29.8,29.0,56189.0
Alta ungdomskole,2016,2016-17,Alta ungdomsskole,Alta ungdomsskole,Alta ( - 2019),Finnmark - Finnmárku ( - 2019),2012,20,874065102,MAT0010,Matematikk 10. årstrinn,3,3.5,71,63,3.0,3.5,71.0,63.0,False,False,False,False,2017,2017,2017,1,2017,0,-1.0,-1.0,Cohort 2017,3.0,3.5,20097,30.5,30.0,58791.0
Alta ungdomskole,2017,2017-18,Alta ungdomsskole,Alta ungdomsskole,Alta ( - 2019),Finnmark - Finnmárku ( - 2019),2012,20,874065102,MAT0010,Matematikk 10. årstrinn,3.9,4,76,81,3.9,4.0,76.0,81.0,False,False,False,False,2017,2017,2017,1,2017,1,0.0,0.0,Cohort 2017,3.9,4.0,20446,31.1,32.0,60557.0
Alta ungdomskole,2018,2018-19,Alta ungdomsskole,Alta ungdomsskole,Alta ( - 2019),Finnmark - Finnmárku ( - 2019),2012,20,874065102,MAT0010,Matematikk 10. årstrinn,3,3.6,62,65,3.0,3.6,62.0,65.0,False,False,False,False,2017,2017,2017,1,2017,1,1.0,1.0,Cohort 2017,3.0,3.6,20635,31.6,34.0,62475.0
Alta ungdomskole,2019,2019-20,Alta ungdomsskole,Alta ungdomsskole,Alta ( - 2019),Finnmark - Finnmárku ( - 2019),2012,20,874065102,MAT0010,Matematikk 10. årstrinn,3.4,3.2,70,51,3.4,3.2,70.0,51.0,False,False,False,False,2017,2017,2017,1,2017,1,2.0,2.0,Cohort 2017,3.4,3.2,20665,32.1,36.0,64700.0
Alta ungdomskole,2020,2020-21,Alta ungdomsskole,Alta ungdomsskole,Alta (2020 - 2023),Troms og Finnmark - Romsa ja Finnmárku - Tromssa ja Finmarkku (2020 - 2023),5403,54,874065102,MAT0010,Matematikk 10. årstrinn,3.3,3.7,71,58,3.3,3.7,71.0,58.0,False,False,False,False,2017,2017,2017,1,2017,1,3.0,3.0,Cohort 2017,3.3,3.7,20789,32.4,37.0,66746.0
Fedje skule,2009,2009-10,Fedje skule,Fedje skule,Fedje ( - 2019),Hordaland ( - 2019),1265,12,974575523,MAT0010,Matematikk 10. årstrinn,*,*,*,*,,,,,True,True,True,True,Before 2017,2016,2016,1,2016,0,-7.0,-7.0,Cohort 2016,,,596,18.0,14.0,
Fedje skule,2010,2010-11,Fedje skule,Fedje skule,Fedje ( - 2019),Hordaland ( - 2019),1265,12,974575523,MAT0010,Matematikk 10. årstrinn,3.5,4.3,6,6,3.5,4.3,6.0,6.0,False,False,False,False,Before 2017,2016,2016,1,2016,0,-6.0,-6.0,Cohort 2016,3.5,4.3,594,17.9,19.0,
Fedje skule,2011,2011-12,Fedje skule,Fedje skule,Fedje ( - 2019),Hordaland ( - 2019),1265,12,974575523,MAT0010,Matematikk 10. årstrinn,*,*,*,*,,,,,True,True,True,True,Before 2017,2016,2016,1,2016,0,-5.0,-5.0,Cohort 2016,,,587,18.2,17.0,
Fedje skule,2012,2012-13,Fedje skule,Fedje skule,Fedje ( - 2019),Hordaland ( - 2019),1265,12,974575523,MAT0010,Matematikk 10. årstrinn,*,*,*,*,,,,,True,True,True,True,Before 2017,2016,2016,1,2016,0,-4.0,-4.0,Cohort 2016,,,576,18.0,23.0,
Finnsnes ungdomskole,2007,2007-08,Finnsnes ungdomsskole,Finnsnes ungdomsskole,Lenvik ( - 2019),Troms - Romsa ( - 2019),1931,19,875290762,MAT0010,Matematikk 10. årstrinn,2.9,3.2,34,21,2.9,3.2,34.0,21.0,False,False,False,False,2016,2016,2016,1,2016,0,-9.0,-9.0,Cohort 2016,2.9,3.2,11027,17.5,7.0,
Finnsnes ungdomskole,2008,2008-09,Finnsnes ungdomsskole,Finnsnes ungdomsskole,Lenvik ( - 2019),Troms - Romsa ( - 2019),1931,19,875290762,MAT0010,Matematikk 10. årstrinn,3.6,3,28,21,3.6,3.0,28.0,21.0,False,False,False,False,2016,2016,2016,1,2016,0,-8.0,-8.0,Cohort 2016,3.6,3.0,11160,18.1,10.0,
Finnsnes ungdomskole,2009,2009-10,Finnsnes ungdomsskole,Finnsnes ungdomsskole,Lenvik ( - 2019),Troms - Romsa ( - 2019),1931,19,875290762,MAT0010,Matematikk 10. årstrinn,2.8,3,32,25,2.8,3.0,32.0,25.0,False,False,False,False,2016,2016,2016,1,2016,0,-7.0,-7.0,Cohort 2016,2.8,3.0,11207,18.8,9.0,
Finnsnes ungdomskole,2010,2010-11,Finnsnes ungdomsskole,Finnsnes ungdomsskole,Lenvik ( - 2019),Troms - Romsa ( - 2019),1931,19,875290762,MAT0010,Matematikk 10. årstrinn,3.3,2.8,43,28,3.3,2.8,43.0,28.0,False,False,False,False,2016,2016,2016,1,2016,0,-6.0,-6.0,Cohort 2016,3.3,2.8,11243,19.1,12.0,
Finnsnes ungdomskole,2011,2011-12,Finnsnes ungdomsskole,Finnsnes ungdomsskole,Lenvik ( - 2019),Troms - Romsa ( - 2019),1931,19,875290762,MAT0010,Matematikk 10. årstrinn,3,3.4,45,44,3.0,3.4,45.0,44.0,False,False,False,False,2016,2016,2016,1,2016,0,-5.0,-5.0,Cohort 2016,3.0,3.4,11294,19.6,14.0,
Finnsnes ungdomskole,2012,2012-13,Finnsnes ungdomsskole,Finnsnes ungdomsskole,Lenvik ( - 2019),Troms - Romsa ( - 2019),1931,19,875290762,MAT0010,Matematikk 10. årstrinn,3,3.1,42,36,3.0,3.1,42.0,36.0,False,False,False,False,2016,2016,2016,1,2016,0,-4.0,-4.0,Cohort 2016,3.0,3.1,11345,20.200000000000003,17.0,
Finnsnes ungdomskole,2013,2013-14,Finnsnes ungdomsskole,Finnsnes ungdomsskole,Lenvik ( - 2019),Troms - Romsa ( - 2019),1931,19,875290762,MAT0010,Matematikk 10. årstrinn,3,3.7,36,33,3.0,3.7,36.0,33.0,False,False,False,False,2016,2016,2016,1,2016,0,-3.0,-3.0,Cohort 2016,3.0,3.7,11455,20.599999999999998,19.0,
Finnsnes ungdomskole,2014,2014-15,Finnsnes ungdomsskole,Finnsnes ungdomsskole,Lenvik ( - 2019),Troms - Romsa ( - 2019),1931,19,875290762,MAT0010,Matematikk 10. årstrinn,3.2,3.7,47,28,3.2,3.7,47.0,28.0,False,False,False,False,2016,2016,2016,1,2016,0,-2.0,-2.0,Cohort 2016,3.2,3.7,11557,21.3,22.0,
Finnsnes ungdomskole,2015,2015-16,Finnsnes ungdomsskole,Finnsnes ungdomsskole,Lenvik ( - 2019),Troms - Romsa ( - 2019),1931,19,875290762,MAT0010,Matematikk 10. årstrinn,3.5,3.4,47,44,3.5,3.4,47.0,44.0,False,False,False,False,2016,2016,2016,1,2016,0,-1.0,-1.0,Cohort 2016,3.5,3.4,11535,21.599999999999998,24.0,56322.0
Finnsnes ungdomskole,2016,2016-17,Finnsnes ungdomsskole,Finnsnes ungdomsskole,Lenvik ( - 2019),Troms - Romsa ( - 2019),1931,19,875290762,MAT0010,Matematikk 10. årstrinn,2.9,3.5,43,38,2.9,3.5,43.0,38.0,False,False,False,False,2016,2016,2016,1,2016,1,0.0,0.0,Cohort 2016,2.9,3.5,11618,22.4,25.0,58405.0
Finnsnes ungdomskole,2017,2017-18,Finnsnes ungdomsskole,Finnsnes ungdomsskole,Lenvik ( - 2019),Troms - Romsa ( - 2019),1931,19,875290762,MAT0010,Matematikk 10. årstrinn,3.7,4,46,45,3.7,4.0,46.0,45.0,False,False,False,False,2016,2016,2016,1,2016,1,1.0,1.0,Cohort 2016,3.7,4.0,11697,22.5,26.0,60380.0
Finnsnes ungdomskole,2018,2018-19,Finnsnes ungdomsskole,Finnsnes ungdomsskole,Lenvik ( - 2019),Troms - Romsa ( - 2019),1931,19,875290762,MAT0010,Matematikk 10. årstrinn,3.4,4,48,39,3.4,4.0,48.0,39.0,False,False,False,False,2016,2016,2016,1,2016,1,2.0,2.0,Cohort 2016,3.4,4.0,11644,23.099999999999998,28.0,61452.0
Fjell ungdomsskole,2007,2007-08,Fjell ungdomsskule,Fjell ungdomsskule,Fjell ( - 2019),Hordaland ( - 2019),1246,12,975287629,MAT0010,Matematikk 10. årstrinn,3.5,3.5,67,69,3.5,3.5,67.0,69.0,False,False,False,False,2017,2017,2017,1,2017,0,-10.0,-10.0,Cohort 2017,3.5,3.5,20791,21.0,15.0,
Fjell ungdomsskole,2008,2008-09,Fjell ungdomsskule,Fjell ungdomsskule,Fjell ( - 2019),Hordaland ( - 2019),1246,12,975287629,MAT0010,Matematikk 10. årstrinn,3.4,3.6,86,71,3.4,3.6,86.0,71.0,False,False,False,False,2017,2017,2017,1,2017,0,-9.0,-9.0,Cohort 2017,3.4,3.6,21207,21.5,20.0,
Fjell ungdomsskole,2009,2009-10,Fjell ungdomsskule,Fjell ungdomsskule,Fjell ( - 2019),Hordaland ( - 2019),1246,12,975287629,MAT0010,Matematikk 10. årstrinn,3.8,3.9,91,94,3.8,3.9,91.0,94.0,False,False,False,False,2017,2017,2017,1,2017,0,-8.0,-8.0,Cohort 2017,3.8,3.9,21507,22.200000000000003,21.0,
Fjell ungdomsskole,2010,2010-11,Fjell ungdomsskule,Fjell ungdomsskule,Fjell ( - 2019),Hordaland ( - 2019),1246,12,975287629,MAT0010,Matematikk 10. årstrinn,3.1,3.7,91,64,3.1,3.7,91.0,64.0,False,False,False,False,2017,2017,2017,1,2017,0,-7.0,-7.0,Cohort 2017,3.1,3.7,21823,22.7,23.0,
Fjell ungdomsskole,2011,2011-12,Fjell ungdomsskule,Fjell ungdomsskule,Fjell ( - 2019),Hordaland ( - 2019),1246,12,975287629,MAT0010,Matematikk 10. årstrinn,3.4,3.3,80,81,3.4,3.3,80.0,81.0,False,False,False,False,2017,2017,2017,1,2017,0,-6.0,-6.0,Cohort 2017,3.4,3.3,22220,23.3,26.0,
Fjell ungdomsskole,2012,2012-13,Fjell ungdomsskule,Fjell ungdomsskule,Fjell ( - 2019),Hordaland ( - 2019),1246,12,975287629,MAT0010,Matematikk 10. årstrinn,3.1,3.3,72,81,3.1,3.3,72.0,81.0,False,False,False,False,2017,2017,2017,1,2017,0,-5.0,-5.0,Cohort 2017,3.1,3.3,22720,23.8,30.0,
Fjell ungdomsskole,2013,2013-14,Fjell ungdomsskule,Fjell ungdomsskule,Fjell ( - 2019),Hordaland ( - 2019),1246,12,975287629,MAT0010,Matematikk 10. årstrinn,3.7,3.4,90,68,3.7,3.4,90.0,68.0,False,False,False,False,2017,2017,2017,1,2017,0,-4.0,-4.0,Cohort 2017,3.7,3.4,23277,24.2,33.0,
Fjell ungdomsskole,2014,2014-15,Fjell ungdomsskule,Fjell ungdomsskule,Fjell ( - 2019),Hordaland ( - 2019),1246,12,975287629,MAT0010,Matematikk 10. årstrinn,3.3,3.6,59,71,3.3,3.6,59.0,71.0,False,False,False,False,2017,2017,2017,1,2017,0,-3.0,-3.0,Cohort 2017,3.3,3.6,23852,25.200000000000003,35.0,
Fjell ungdomsskole,2015,2015-16,Fjell ungdomsskule,Fjell ungdomsskule,Fjell ( - 2019),Hordaland ( - 2019),1246,12,975287629,MAT0010,Matematikk 10. årstrinn,3.1,3.7,68,63,3.1,3.7,68.0,63.0,False,False,False,False,2017,2017,2017,1,2017,0,-2.0,-2.0,Cohort 2017,3.1,3.7,24427,25.700000000000003,36.0,46500.0
Fjell ungdomsskole,2016,2016-17,Fjell ungdomsskule,Fjell ungdomsskule,Fjell ( - 2019),Hordaland ( - 2019),1246,12,975287629,MAT0010,Matematikk 10. årstrinn,3.2,3.4,61,85,3.2,3.4,61.0,85.0,False,False,False,False,2017,2017,2017,1,2017,0,-1.0,-1.0,Cohort 2017,3.2,3.4,24870,26.3,35.0,48359.0
Fjell ungdomsskole,2017,2017-18,Fjell ungdomsskule,Fjell ungdomsskule,Fjell ( - 2019),Hordaland ( - 2019),1246,12,975287629,MAT0010,Matematikk 10. årstrinn,3.5,3.6,80,91,3.5,3.6,80.0,91.0,False,False,False,False,2017,2017,2017,1,2017,1,0.0,0.0,Cohort 2017,3.5,3.6,25204,26.9,37.0,48965.0
Fjell ungdomsskole,2018,2018-19,Fjell ungdomsskule,Fjell ungdomsskule,Fjell ( - 2019),Hordaland ( - 2019),1246,12,975287629,MAT0010,Matematikk 10. årstrinn,3.6,4,70,94,3.6,4.0,70.0,94.0,False,False,False,False,2017,2017,2017,1,2017,1,1.0,1.0,Cohort 2017,3.6,4.0,25725,27.200000000000003,38.0,50269.0
Gibostad barne-og ungdomsskole,2007,2007-08,Gibostad barne- og ungdomsskole,Gibostad barne- og ungdomsskole,Lenvik ( - 2019),Troms - Romsa ( - 2019),1931,19,975285383,MAT0010,Matematikk 10. årstrinn,3.9,3.9,8,7,3.9,3.9,8.0,7.0,False,False,False,False,2016,2016,2016,1,2016,0,-9.0,-9.0,Cohort 2016,3.9,3.9,11027,17.5,7.0,
Gibostad barne-og ungdomsskole,2008,2008-09,Gibostad barne- og ungdomsskole,Gibostad barne- og ungdomsskole,Lenvik ( - 2019),Troms - Romsa ( - 2019),1931,19,975285383,MAT0010,Matematikk 10. årstrinn,3.6,3.4,7,11,3.6,3.4,7.0,11.0,False,False,False,False,2016,2016,2016,1,2016,0,-8.0,-8.0,Cohort 2016,3.6,3.4,11160,18.1,10.0,
Gibostad barne-og ungdomsskole,2009,2009-10,Gibostad barne- og ungdomsskole,Gibostad barne- og ungdomsskole,Lenvik ( - 2019),Troms - Romsa ( - 2019),1931,19,975285383,MAT0010,Matematikk 10. årstrinn,,*,,*,,,,,False,True,False,True,2016,2016,2016,1,2016,0,-7.0,-7.0,Cohort 2016,,,11207,18.8,9.0,
Gibostad barne-og ungdomsskole,2010,2010-11,Gibostad barne- og ungdomsskole,Gibostad barne- og ungdomsskole,Lenvik ( - 2019),Troms - Romsa ( - 2019),1931,19,975285383,MAT0010,Matematikk 10. årstrinn,*,*,*,*,,,,,True,True,True,True,2016,2016,2016,1,2016,0,-6.0,-6.0,Cohort 2016,,,11243,19.1,12.0,
Gibostad barne-og ungdomsskole,2011,2011-12,Gibostad barne- og ungdomsskole,Gibostad barne- og ungdomsskole,Lenvik ( - 2019),Troms - Romsa ( - 2019),1931,19,975285383,MAT0010,Matematikk 10. årstrinn,2.6,4.5,8,8,2.6,4.5,8.0,8.0,False,False,False,False,2016,2016,2016,1,2016,0,-5.0,-5.0,Cohort 2016,2.6,4.5,11294,19.6,14.0,
Gibostad barne-og ungdomsskole,2012,2012-13,Gibostad barne- og ungdomsskole,Gibostad barne- og ungdomsskole,Lenvik ( - 2019),Troms - Romsa ( - 2019),1931,19,975285383,MAT0010,Matematikk 10. årstrinn,*,*,*,*,,,,,True,True,True,True,2016,2016,2016,1,2016,0,-4.0,-4.0,Cohort 2016,,,11345,20.200000000000003,17.0,
Gibostad barne-og ungdomsskole,2013,2013-14,Gibostad barne- og ungdomsskole,Gibostad barne- og ungdomsskole,Lenvik ( - 2019),Troms - Romsa ( - 2019),1931,19,975285383,MAT0010,Matematikk 10. årstrinn,3.7,3.6,7,9,3.7,3.6,7.0,9.0,False,False,False,False,2016,2016,2016,1,2016,0,-3.0,-3.0,Cohort 2016,3.7,3.6,11455,20.599999999999998,19.0,
Gibostad barne-og ungdomsskole,2014,2014-15,Gibostad barne- og ungdomsskole,Gibostad barne- og ungdomsskole,Lenvik ( - 2019),Troms - Romsa ( - 2019),1931,19,975285383,MAT0010,Matematikk 10. årstrinn,*,*,*,*,,,,,True,True,True,True,2016,2016,2016,1,2016,0,-2.0,-2.0,Cohort 2016,,,11557,21.3,22.0,
Gibostad barne-og ungdomsskole,2015,2015-16,Gibostad barne- og ungdomsskole,Gibostad barne- og ungdomsskole,Lenvik ( - 2019),Troms - Romsa ( - 2019),1931,19,975285383,MAT0010,Matematikk 10. årstrinn,,3.3,,7,,3.3,,7.0,False,False,False,False,2016,2016,2016,1,2016,0,-1.0,-1.0,Cohort 2016,3.3,,11535,21.599999999999998,24.0,56322.0
Gibostad barne-og ungdomsskole,2016,2016-17,Gibostad barne- og ungdomsskole,Gibostad barne- og ungdomsskole,Lenvik ( - 2019),Troms - Romsa ( - 2019),1931,19,975285383,MAT0010,Matematikk 10. årstrinn,*,*,*,*,,,,,True,True,True,True,2016,2016,2016,1,2016,1,0.0,0.0,Cohort 2016,3.3,3.4,11618,22.4,25.0,58405.0
Gjesdal ungdomsskole,2007,2007-08,Gjesdal ungdomsskole,Gjesdal ungdomsskole,Gjesdal,Rogaland,1122,11,975275639,MAT0010,Matematikk 10. årstrinn,3.1,3.4,82,81,3.1,3.4,82.0,81.0,False,False,False,False,2018,2018,2018,1,2018,0,-11.0,-11.0,Cohort 2018,3.1,3.4,9621,18.8,14.0,
Gjesdal ungdomsskole,2008,2008-09,Gjesdal ungdomsskole,Gjesdal ungdomsskole,Gjesdal,Rogaland,1122,11,975275639,MAT0010,Matematikk 10. årstrinn,*,*,*,*,,,,,True,True,True,True,2018,2018,2018,1,2018,0,-10.0,-10.0,Cohort 2018,,,9729,19.099999999999998,18.0,
Gjesdal ungdomsskole,2009,2009-10,Gjesdal ungdomsskole,Gjesdal ungdomsskole,Gjesdal,Rogaland,1122,11,975275639,MAT0010,Matematikk 10. årstrinn,3.3,3.7,88,58,3.3,3.7,88.0,58.0,False,False,False,False,2018,2018,2018,1,2018,0,-9.0,-9.0,Cohort 2018,3.3,3.7,9969,19.299999999999997,19.0,
Gjesdal ungdomsskole,2010,2010-11,Gjesdal ungdomsskole,Gjesdal ungdomsskole,Gjesdal,Rogaland,1122,11,975275639,MAT0010,Matematikk 10. årstrinn,3.2,3.4,66,61,3.2,3.4,66.0,61.0,False,False,False,False,2018,2018,2018,1,2018,0,-8.0,-8.0,Cohort 2018,3.2,3.4,10208,20.200000000000003,21.0,
Gjesdal ungdomsskole,2011,2011-12,Gjesdal ungdomsskole,Gjesdal ungdomsskole,Gjesdal,Rogaland,1122,11,975275639,MAT0010,Matematikk 10. årstrinn,3.6,3.7,76,70,3.6,3.7,76.0,70.0,False,False,False,False,2018,2018,2018,1,2018,0,-7.0,-7.0,Cohort 2018,3.6,3.7,10508,20.7,23.0,
Gjesdal ungdomsskole,2012,2012-13,Gjesdal ungdomsskole,Gjesdal ungdomsskole,Gjesdal,Rogaland,1122,11,975275639,MAT0010,Matematikk 10. årstrinn,*,*,*,*,,,,,True,True,True,True,2018,2018,2018,1,2018,0,-6.0,-6.0,Cohort 2018,,,10778,21.400000000000002,28.0,
Gjesdal ungdomsskole,2013,2013-14,Gjesdal ungdomsskole,Gjesdal ungdomsskole,Gjesdal,Rogaland,1122,11,975275639,MAT0010,Matematikk 10. årstrinn,3.5,3.7,65,46,3.5,3.7,65.0,46.0,False,False,False,False,2018,2018,2018,1,2018,0,-5.0,-5.0,Cohort 2018,3.5,3.7,11039,22.2,32.0,
Gjesdal ungdomsskole,2014,2014-15,Gjesdal ungdomsskole,Gjesdal ungdomsskole,Gjesdal,Rogaland,1122,11,975275639,MAT0010,Matematikk 10. årstrinn,3.3,3.7,62,72,3.3,3.7,62.0,72.0,False,False,False,False,2018,2018,2018,1,2018,0,-4.0,-4.0,Cohort 2018,3.3,3.7,11317,23.6,34.0,
Gjesdal ungdomsskole,2015,2015-16,Gjesdal ungdomsskole,Gjesdal ungdomsskole,Gjesdal,Rogaland,1122,11,975275639,MAT0010,Matematikk 10. årstrinn,3.8,3.7,78,66,3.8,3.7,78.0,66.0,False,False,False,False,2018,2018,2018,1,2018,0,-3.0,-3.0,Cohort 2018,3.8,3.7,11600,23.7,35.0,47036.0
Gjesdal ungdomsskole,2016,2016-17,Gjesdal ungdomsskole,Gjesdal ungdomsskole,Gjesdal,Rogaland,1122,11,975275639,MAT0010,Matematikk 10. årstrinn,3.4,3.5,65,72,3.4,3.5,65.0,72.0,False,False,False,False,2018,2018,2018,1,2018,0,-2.0,-2.0,Cohort 2018,3.4,3.5,11853,24.5,36.0,50410.0
Gjesdal ungdomsskole,2017,2017-18,Gjesdal ungdomsskole,Gjesdal ungdomsskole,Gjesdal,Rogaland,1122,11,975275639,MAT0010,Matematikk 10. årstrinn,3.3,3.9,57,63,3.3,3.9,57.0,63.0,False,False,False,False,2018,2018,2018,1,2018,0,-1.0,-1.0,Cohort 2018,3.3,3.9,11902,24.700000000000003,37.0,52053.0
Gjesdal ungdomsskole,2018,2018-19,Gjesdal ungdomsskole,Gjesdal ungdomsskole,Gjesdal,Rogaland,1122,11,975275639,MAT0010,Matematikk 10. årstrinn,3.4,3.7,58,60,3.4,3.7,58.0,60.0,False,False,False,False,2018,2018,2018,1,2018,1,0.0,0.0,Cohort 2018,3.4,3.7,11866,24.7,38.0,53595.0
Gjesdal ungdomsskole,2019,2019-20,Gjesdal ungdomsskole,Gjesdal ungdomsskole,Gjesdal,Rogaland,1122,11,975275639,MAT0010,Matematikk 10. årstrinn,3.9,3.6,40,58,3.9,3.6,40.0,58.0,False,False,False,False,2018,2018,2018,1,2018,1,1.0,1.0,Cohort 2018,3.9,3.6,11899,24.9,41.0,55055.0
Gjesdal ungdomsskole,2020,2020-21,Gjesdal ungdomsskole,Gjesdal ungdomsskole,Gjesdal,Rogaland,1122,11,975275639,MAT0010,Matematikk 10. årstrinn,3.6,4.1,72,51,3.6,4.1,72.0,51.0,False,False,False,False,2018,2018,2018,1,2018,1,2.0,2.0,Cohort 2018,3.6,4.1,12002,25.700000000000003,41.0,57947.0
Gryllefjord skole,2007,2007-08,Gryllefjord skole,Gryllefjord skole,Torsken ( - 2019),Troms - Romsa ( - 2019),1928,19,975285499,MAT0010,Matematikk 10. årstrinn,*,*,*,*,,,,,True,True,True,True,2016,2016,2016,1,2016,0,-9.0,-9.0,Cohort 2016,,,978,9.3,5.0,
Gryllefjord skole,2008,2008-09,Gryllefjord skole,Gryllefjord skole,Torsken ( - 2019),Troms - Romsa ( - 2019),1928,19,975285499,MAT0010,Matematikk 10. årstrinn,*,*,*,*,,,,,True,True,True,True,2016,2016,2016,1,2016,0,-8.0,-8.0,Cohort 2016,,,937,9.8,8.0,
Gryllefjord skole,2009,2009-10,Gryllefjord skole,Gryllefjord skole,Torsken ( - 2019),Troms - Romsa ( - 2019),1928,19,975285499,MAT0010,Matematikk 10. årstrinn,*,*,*,*,,,,,True,True,True,True,2016,2016,2016,1,2016,0,-7.0,-7.0,Cohort 2016,,,916,9.6,9.0,
Gryllefjord skole,2010,2010-11,Gryllefjord skole,Gryllefjord skole,Torsken ( - 2019),Troms - Romsa ( - 2019),1928,19,975285499,MAT0010,Matematikk 10. årstrinn,*,*,*,*,,,,,True,True,True,True,2016,2016,2016,1,2016,0,-6.0,-6.0,Cohort 2016,,,899,9.9,12.0,
Grålum ungdomsskole,2007,2007-08,Grålum ungdomsskole,Grålum ungdomsskole,Sarpsborg ( - 2019),Østfold ( - 2019),105,1,975289109,MAT0010,Matematikk 10. årstrinn,3,3.3,54,58,3.0,3.3,54.0,58.0,False,False,False,False,2019,2019,2019,1,2019,0,-12.0,-12.0,Cohort 2019,3.0,3.3,50593,18.7,6.0,
Grålum ungdomsskole,2008,2008-09,Grålum ungdomsskole,Grålum ungdomsskole,Sarpsborg ( - 2019),Østfold ( - 2019),105,1,975289109,MAT0010,Matematikk 10. årstrinn,3,3.6,42,51,3.0,3.6,42.0,51.0,False,False,False,False,2019,2019,2019,1,2019,0,-11.0,-11.0,Cohort 2019,3.0,3.6,51053,19.1,8.0,
Grålum ungdomsskole,2009,2009-10,Grålum ungdomsskole,Grålum ungdomsskole,Sarpsborg ( - 2019),Østfold ( - 2019),105,1,975289109,MAT0010,Matematikk 10. årstrinn,3.2,3.3,56,56,3.2,3.3,56.0,56.0,False,False,False,False,2019,2019,2019,1,2019,0,-10.0,-10.0,Cohort 2019,3.2,3.3,51723,19.5,8.0,
Grålum ungdomsskole,2010,2010-11,Grålum ungdomsskole,Grålum ungdomsskole,Sarpsborg ( - 2019),Østfold ( - 2019),105,1,975289109,MAT0010,Matematikk 10. årstrinn,3.1,3.6,55,51,3.1,3.6,55.0,51.0,False,False,False,False,2019,2019,2019,1,2019,0,-9.0,-9.0,Cohort 2019,3.1,3.6,52159,19.9,9.0,
Grålum ungdomsskole,2011,2011-12,Grålum ungdomsskole,Grålum ungdomsskole,Sarpsborg ( - 2019),Østfold ( - 2019),105,1,975289109,MAT0010,Matematikk 10. årstrinn,3.3,3.5,48,52,3.3,3.5,48.0,52.0,False,False,False,False,2019,2019,2019,1,2019,0,-8.0,-8.0,Cohort 2019,3.3,3.5,52805,20.2,11.0,
Grålum ungdomsskole,2012,2012-13,Grålum ungdomsskole,Grålum ungdomsskole,Sarpsborg ( - 2019),Østfold ( - 2019),105,1,975289109,MAT0010,Matematikk 10. årstrinn,3,3.3,58,52,3.0,3.3,58.0,52.0,False,False,False,False,2019,2019,2019,1,2019,0,-7.0,-7.0,Cohort 2019,3.0,3.3,53333,20.8,13.0,
Grålum ungdomsskole,2013,2013-14,Grålum ungdomsskole,Grålum ungdomsskole,Sarpsborg ( - 2019),Østfold ( - 2019),105,1,975289109,MAT0010,Matematikk 10. årstrinn,3.3,3.4,46,61,3.3,3.4,46.0,61.0,False,False,False,False,2019,2019,2019,1,2019,0,-6.0,-6.0,Cohort 2019,3.3,3.3,53696,21.3,15.0,
Grålum ungdomsskole,2014,2014-15,Grålum ungdomsskole,Grålum ungdomsskole,Sarpsborg ( - 2019),Østfold ( - 2019),105,1,975289109,MAT0010,Matematikk 10. årstrinn,2.3,3.1,46,62,2.3,3.1,46.0,62.0,False,False,False,False,2019,2019,2019,1,2019,0,-5.0,-5.0,Cohort 2019,3.4,2.3,54059,22.0,17.0,
Grålum ungdomsskole,2015,2015-16,Grålum ungdomsskole,Grålum ungdomsskole,Sarpsborg ( - 2019),Østfold ( - 2019),105,1,975289109,MAT0010,Matematikk 10. årstrinn,3.2,3.4,57,52,3.2,3.4,57.0,52.0,False,False,False,False,2019,2019,2019,1,2019,0,-4.0,-4.0,Cohort 2019,3.1,3.2,54192,22.8,19.0,47847.0
Grålum ungdomsskole,2016,2016-17,Grålum ungdomsskole,Grålum ungdomsskole,Sarpsborg ( - 2019),Østfold ( - 2019),105,1,975289109,MAT0010,Matematikk 10. årstrinn,3.5,3.6,53,62,3.5,3.6,53.0,62.0,False,False,False,False,2019,2019,2019,1,2019,0,-3.0,-3.0,Cohort 2019,3.4,3.5,54678,23.4,20.0,50196.0
Grålum ungdomsskole,2017,2017-18,Grålum ungdomsskole,Grålum ungdomsskole,Sarpsborg ( - 2019),Østfold ( - 2019),105,1,975289109,MAT0010,Matematikk 10. årstrinn,3.1,3.7,54,50,3.1,3.7,54.0,50.0,False,False,False,False,2019,2019,2019,1,2019,0,-2.0,-2.0,Cohort 2019,3.6,3.1,55127,24.099999999999998,22.0,51970.0
Grålum ungdomsskole,2018,2018-19,Grålum ungdomsskole,Grålum ungdomsskole,Sarpsborg ( - 2019),Østfold ( - 2019),105,1,975289109,MAT0010,Matematikk 10. årstrinn,3.5,3.6,44,57,3.5,3.6,44.0,57.0,False,False,False,False,2019,2019,2019,1,2019,0,-1.0,-1.0,Cohort 2019,3.7,3.5,55543,24.5,24.0,53207.0
Grålum ungdomsskole,2019,2019-20,Grålum ungdomsskole,Grålum ungdomsskole,Sarpsborg ( - 2019),Østfold ( - 2019),105,1,975289109,MAT0010,Matematikk 10. årstrinn,3.6,4.4,50,46,3.6,4.4,50.0,46.0,False,False,False,False,2019,2019,2019,1,2019,1,0.0,0.0,Cohort 2019,3.6,3.6,55997,25.0,26.0,55223.0
Grålum ungdomsskole,2020,2020-21,Grålum ungdomsskole,Grålum ungdomsskole,Sarpsborg (2020 - 2023),Viken (2020 - 2023),3003,30,975289109,MAT0010,Matematikk 10. årstrinn,3.5,3.7,53,46,3.5,3.7,53.0,46.0,False,False,False,False,2019,2019,2019,1,2019,1,1.0,1.0,Cohort 2019,4.4,3.5,56732,25.6,27.0,57477.0
Grålum ungdomsskole,2021,2021-22,Grålum ungdomsskole,Grålum ungdomsskole,Sarpsborg (2020 - 2023),Viken (2020 - 2023),3003,30,975289109,MAT0010,Matematikk 10. årstrinn,,,,,,,,,False,False,False,False,2019,2019,2019,1,2019,1,2.0,2.0,Cohort 2019,,3.7,57372,26.4,30.0,62190.0
Korgen sentralskole,2007,2007-08,Korgen sentralskole,Korgen sentralskole,Hemnes,Nordland - Nordlánnda,1832,18,975286924,MAT0010,Matematikk 10. årstrinn,3.4,3.7,16,19,3.4,3.7,16.0,19.0,False,False,False,False,2018/2019,2018,2018,1,2018,0,-11.0,-11.0,Cohort 2018,3.4,3.7,4510,15.2,5.0,
Korgen sentralskole,2008,2008-09,Korgen sentralskole,Korgen sentralskole,Hemnes,Nordland - Nordlánnda,1832,18,975286924,MAT0010,Matematikk 10. årstrinn,3.4,4.2,13,21,3.4,4.2,13.0,21.0,False,False,False,False,2018/2019,2018,2018,1,2018,0,-10.0,-10.0,Cohort 2018,3.4,4.2,4478,15.5,8.0,
Korgen sentralskole,2009,2009-10,Korgen sentralskole,Korgen sentralskole,Hemnes,Nordland - Nordlánnda,1832,18,975286924,MAT0010,Matematikk 10. årstrinn,3.9,4.1,14,21,3.9,4.1,14.0,21.0,False,False,False,False,2018/2019,2018,2018,1,2018,0,-9.0,-9.0,Cohort 2018,3.9,4.1,4527,15.9,8.0,
Korgen sentralskole,2010,2010-11,Korgen sentralskole,Korgen sentralskole,Hemnes,Nordland - Nordlánnda,1832,18,975286924,MAT0010,Matematikk 10. årstrinn,3.1,3.6,17,18,3.1,3.6,17.0,18.0,False,False,False,False,2018/2019,2018,2018,1,2018,0,-8.0,-8.0,Cohort 2018,3.1,3.6,4584,15.799999999999999,10.0,
Korgen sentralskole,2011,2011-12,Korgen sentralskole,Korgen sentralskole,Hemnes,Nordland - Nordlánnda,1832,18,975286924,MAT0010,Matematikk 10. årstrinn,3.3,3.4,12,14,3.3,3.4,12.0,14.0,False,False,False,False,2018/2019,2018,2018,1,2018,0,-7.0,-7.0,Cohort 2018,3.3,3.4,4600,16.0,12.0,
Korgen sentralskole,2012,2012-13,Korgen sentralskole,Korgen sentralskole,Hemnes,Nordland - Nordlánnda,1832,18,975286924,MAT0010,Matematikk 10. årstrinn,*,*,*,*,,,,,True,True,True,True,2018/2019,2018,2018,1,2018,0,-6.0,-6.0,Cohort 2018,,,4585,16.6,13.0,
Korgen sentralskole,2013,2013-14,Korgen sentralskole,Korgen sentralskole,Hemnes,Nordland - Nordlánnda,1832,18,975286924,MAT0010,Matematikk 10. årstrinn,3.5,4.2,16,12,3.5,4.2,16.0,12.0,False,False,False,False,2018/2019,2018,2018,1,2018,0,-5.0,-5.0,Cohort 2018,3.5,4.2,4620,17.1,16.0,
Korgen sentralskole,2014,2014-15,Korgen sentralskole,Korgen sentralskole,Hemnes,Nordland - Nordlánnda,1832,18,975286924,MAT0010,Matematikk 10. årstrinn,2.7,4,27,10,2.7,4.0,27.0,10.0,False,False,False,False,2018/2019,2018,2018,1,2018,0,-4.0,-4.0,Cohort 2018,2.7,4.0,4553,17.8,17.0,
Korgen sentralskole,2015,2015-16,Korgen sentralskole,Korgen sentralskole,Hemnes,Nordland - Nordlánnda,1832,18,975286924,MAT0010,Matematikk 10. årstrinn,*,*,*,*,,,,,True,True,True,True,2018/2019,2018,2018,1,2018,0,-3.0,-3.0,Cohort 2018,,,4528,18.0,19.0,58919.0
Korgen sentralskole,2016,2016-17,Korgen sentralskole,Korgen sentralskole,Hemnes,Nordland - Nordlánnda,1832,18,975286924,MAT0010,Matematikk 10. årstrinn,2.9,3.3,13,9,2.9,3.3,13.0,9.0,False,False,False,False,2018/2019,2018,2018,1,2018,0,-2.0,-2.0,Cohort 2018,2.9,3.3,4486,18.5,20.0,60570.0
Korgen sentralskole,2017,2017-18,Korgen sentralskole,Korgen sentralskole,Hemnes,Nordland - Nordlánnda,1832,18,975286924,MAT0010,Matematikk 10. årstrinn,3.1,3.9,19,14,3.1,3.9,19.0,14.0,False,False,False,False,2018/2019,2018,2018,1,2018,0,-1.0,-1.0,Cohort 2018,3.1,3.9,4524,19.599999999999998,21.0,62288.0
Korgen sentralskole,2018,2018-19,Korgen sentralskole,Korgen sentralskole,Hemnes,Nordland - Nordlánnda,1832,18,975286924,MAT0010,Matematikk 10. årstrinn,2.7,3.2,15,9,2.7,3.2,15.0,9.0,False,False,False,False,2018/2019,2018,2018,1,2018,1,0.0,0.0,Cohort 2018,2.7,3.2,4503,19.9,23.0,64850.0
Korgen sentralskole,2019,2019-20,Korgen sentralskole,Korgen sentralskole,Hemnes,Nordland - Nordlánnda,1832,18,975286924,MAT0010,Matematikk 10. årstrinn,*,*,*,*,,,,,True,True,True,True,2018/2019,2018,2018,1,2018,1,1.0,1.0,Cohort 2018,,2.7,4501,20.200000000000003,24.0,66809.0
Korgen sentralskole,2020,2020-21,Korgen sentralskole,Korgen sentralskole,Hemnes,Nordland - Nordlánnda,1832,18,975286924,MAT0010,Matematikk 10. årstrinn,2.7,3.4,16,13,2.7,3.4,16.0,13.0,False,False,False,False,2018/2019,2018,2018,1,2018,1,2.0,2.0,Cohort 2018,,3.4,4454,20.5,26.0,69224.0
Lyngmyr skole,2007,2007-08,Lyngmyr skole,Lyngmyr skole,Tvedestrand ( - 2019),Aust-Agder ( - 2019),914,9,975283070,MAT0010,Matematikk 10. årstrinn,3,3,34,50,3.0,3.0,34.0,50.0,False,False,False,False,2017,2017,2017,1,2017,0,-10.0,-10.0,Cohort 2017,3.0,3.0,5822,20.7,7.0,
Lyngmyr skole,2008,2008-09,Lyngmyr skole,Lyngmyr skole,Tvedestrand ( - 2019),Aust-Agder ( - 2019),914,9,975283070,MAT0010,Matematikk 10. årstrinn,2.8,3.1,34,43,2.8,3.1,34.0,43.0,False,False,False,False,2017,2017,2017,1,2017,0,-9.0,-9.0,Cohort 2017,2.8,3.1,5874,21.0,9.0,
Lyngmyr skole,2009,2009-10,Lyngmyr skole,Lyngmyr skole,Tvedestrand ( - 2019),Aust-Agder ( - 2019),914,9,975283070,MAT0010,Matematikk 10. årstrinn,3.6,3.8,31,46,3.6,3.8,31.0,46.0,False,False,False,False,2017,2017,2017,1,2017,0,-8.0,-8.0,Cohort 2017,3.6,3.8,5939,21.599999999999998,9.0,
Lyngmyr skole,2010,2010-11,Lyngmyr skole,Lyngmyr skole,Tvedestrand ( - 2019),Aust-Agder ( - 2019),914,9,975283070,MAT0010,Matematikk 10. årstrinn,3.2,3.4,30,37,3.2,3.4,30.0,37.0,False,False,False,False,2017,2017,2017,1,2017,0,-7.0,-7.0,Cohort 2017,3.2,3.4,5939,22.1,11.0,
Lyngmyr skole,2011,2011-12,Lyngmyr skole,Lyngmyr skole,Tvedestrand ( - 2019),Aust-Agder ( - 2019),914,9,975283070,MAT0010,Matematikk 10. årstrinn,3,3.1,37,44,3.0,3.1,37.0,44.0,False,False,False,False,2017,2017,2017,1,2017,0,-6.0,-6.0,Cohort 2017,3.0,,5969,22.4,13.0,
Lyngmyr skole,2012,2012-13,Lyngmyr skole,Lyngmyr skole,Tvedestrand ( - 2019),Aust-Agder ( - 2019),914,9,975283070,MAT0010,Matematikk 10. årstrinn,3.2,3.6,35,29,3.2,3.6,35.0,29.0,False,False,False,False,2017,2017,2017,1,2017,0,-5.0,-5.0,Cohort 2017,3.2,3.6,6019,23.1,15.0,
Lyngmyr skole,2013,2013-14,Lyngmyr skole,Lyngmyr skole,Tvedestrand ( - 2019),Aust-Agder ( - 2019),914,9,975283070,MAT0010,Matematikk 10. årstrinn,3,3,38,34,3.0,3.0,38.0,34.0,False,False,False,False,2017,2017,2017,1,2017,0,-4.0,-4.0,Cohort 2017,3.0,3.0,6064,23.1,17.0,
Lyngmyr skole,2014,2014-15,Lyngmyr skole,Lyngmyr skole,Tvedestrand ( - 2019),Aust-Agder ( - 2019),914,9,975283070,MAT0010,Matematikk 10. årstrinn,2.7,3.2,42,31,2.7,3.2,42.0,31.0,False,False,False,False,2017,2017,2017,1,2017,0,-3.0,-3.0,Cohort 2017,2.7,3.2,6059,23.599999999999998,19.0,
Lyngmyr skole,2015,2015-16,Lyngmyr skole,Lyngmyr skole,Tvedestrand ( - 2019),Aust-Agder ( - 2019),914,9,975283070,MAT0010,Matematikk 10. årstrinn,2.9,2.9,41,34,2.9,2.9,41.0,34.0,False,False,False,False,2017,2017,2017,1,2017,0,-2.0,-2.0,Cohort 2017,2.9,2.9,6048,24.200000000000003,20.0,52383.0
Lyngmyr skole,2016,2016-17,Lyngmyr skole,Lyngmyr skole,Tvedestrand ( - 2019),Aust-Agder ( - 2019),914,9,975283070,MAT0010,Matematikk 10. årstrinn,3.3,3.2,39,34,3.3,3.2,39.0,34.0,False,False,False,False,2017,2017,2017,1,2017,0,-1.0,-1.0,Cohort 2017,3.3,3.2,6014,24.9,21.0,54993.0
Lyngmyr skole,2017,2017-18,Lyngmyr skole,Lyngmyr skole,Tvedestrand ( - 2019),Aust-Agder ( - 2019),914,9,975283070,MAT0010,Matematikk 10. årstrinn,3.4,3.7,31,33,3.4,3.7,31.0,33.0,False,False,False,False,2017,2017,2017,1,2017,1,0.0,0.0,Cohort 2017,3.4,3.7,6051,25.400000000000002,21.0,56536.0
Lyngmyr skole,2018,2018-19,Lyngmyr skole,Lyngmyr skole,Tvedestrand ( - 2019),Aust-Agder ( - 2019),914,9,975283070,MAT0010,Matematikk 10. årstrinn,3.4,3,32,27,3.4,3.0,32.0,27.0,False,False,False,False,2017,2017,2017,1,2017,1,1.0,1.0,Cohort 2017,3.4,3.0,6086,26.0,24.0,58500.0
Lyngmyr skole,2019,2019-20,Lyngmyr skole,Lyngmyr skole,Tvedestrand ( - 2019),Aust-Agder ( - 2019),914,9,975283070,MAT0010,Matematikk 10. årstrinn,3.6,3.4,29,44,3.6,3.4,29.0,44.0,False,False,False,False,2017,2017,2017,1,2017,1,2.0,2.0,Cohort 2017,3.4,3.4,6069,26.099999999999998,26.0,60491.0
Lyngmyr skole,2020,2020-21,Lyngmyr skole,Lyngmyr skole,Tvedestrand,Agder,4213,42,975283070,MAT0010,Matematikk 10. årstrinn,3.4,3.5,28,32,3.4,3.5,28.0,32.0,False,False,False,False,2017,2017,2017,1,2017,1,3.0,3.0,Cohort 2017,3.4,,6053,27.0,27.0,61935.0
Lyngmyr skole,2021,2021-22,Lyngmyr skole,Lyngmyr skole,Tvedestrand,Agder,4213,42,975283070,MAT0010,Matematikk 10. årstrinn,,,,,,,,,False,False,False,False,2017,2017,2017,1,2017,1,4.0,4.0,Cohort 2017,,3.5,6067,27.4,29.0,65576.0
Radøy ungdomsskole,2007,2007-08,Radøy ungdomsskule,Radøy ungdomsskule,Radøy ( - 2019),Hordaland ( - 2019),1260,12,975299163,MAT0010,Matematikk 10. årstrinn,4,3.7,20,32,4.0,3.7,20.0,32.0,False,False,False,False,2019/2020,2019,2019,1,2019,0,-12.0,-12.0,Cohort 2019,4.0,3.7,4658,15.4,9.0,
Radøy ungdomsskole,2008,2008-09,Radøy ungdomsskule,Radøy ungdomsskule,Radøy ( - 2019),Hordaland ( - 2019),1260,12,975299163,MAT0010,Matematikk 10. årstrinn,3.3,3.6,38,32,3.3,3.6,38.0,32.0,False,False,False,False,2019/2020,2019,2019,1,2019,0,-11.0,-11.0,Cohort 2019,3.3,3.6,4794,16.0,12.0,
Radøy ungdomsskole,2009,2009-10,Radøy ungdomsskule,Radøy ungdomsskule,Radøy ( - 2019),Hordaland ( - 2019),1260,12,975299163,MAT0010,Matematikk 10. årstrinn,3.2,3.6,32,32,3.2,3.6,32.0,32.0,False,False,False,False,2019/2020,2019,2019,1,2019,0,-10.0,-10.0,Cohort 2019,3.2,3.6,4825,16.5,14.0,
Radøy ungdomsskole,2010,2010-11,Radøy ungdomsskule,Radøy ungdomsskule,Radøy ( - 2019),Hordaland ( - 2019),1260,12,975299163,MAT0010,Matematikk 10. årstrinn,3.6,3.8,33,33,3.6,3.8,33.0,33.0,False,False,False,False,2019/2020,2019,2019,1,2019,0,-9.0,-9.0,Cohort 2019,3.2,3.6,4825,17.0,14.0,
Radøy ungdomsskole,2011,2011-12,Radøy ungdomsskule,Radøy ungdomsskule,Radøy ( - 2019),Hordaland ( - 2019),1260,12,975299163,MAT0010,Matematikk 10. årstrinn,3.4,3.3,37,44,3.4,3.3,37.0,44.0,False,False,False,False,2019/2020,2019,2019,1,2019,0,-8.0,-8.0,Cohort 2019,3.6,3.8,4896,17.4,17.0,
Radøy ungdomsskole,2012,2012-13,Radøy ungdomsskule,Radøy ungdomsskule,Radøy ( - 2019),Hordaland ( - 2019),1260,12,975299163,MAT0010,Matematikk 10. årstrinn,3.4,3.9,38,30,3.4,3.9,38.0,30.0,False,False,False,False,2019/2020,2019,2019,1,2019,0,-7.0,-7.0,Cohort 2019,3.4,3.3,4952,17.8,20.0,
Radøy ungdomsskole,2013,2013-14,Radøy ungdomsskule,Radøy ungdomsskule,Radøy ( - 2019),Hordaland ( - 2019),1260,12,975299163,MAT0010,Matematikk 10. årstrinn,3.3,3.8,29,28,3.3,3.8,29.0,28.0,False,False,False,False,2019/2020,2019,2019,1,2019,0,-6.0,-6.0,Cohort 2019,3.4,3.9,5003,18.0,23.0,
Radøy ungdomsskole,2014,2014-15,Radøy ungdomsskule,Radøy ungdomsskule,Radøy ( - 2019),Hordaland ( - 2019),1260,12,975299163,MAT0010,Matematikk 10. årstrinn,3.2,3.3,25,31,3.2,3.3,25.0,31.0,False,False,False,False,2019/2020,2019,2019,1,2019,0,-5.0,-5.0,Cohort 2019,3.3,3.8,5039,18.4,24.0,
Radøy ungdomsskole,2015,2015-16,Radøy ungdomsskule,Radøy ungdomsskule,Radøy ( - 2019),Hordaland ( - 2019),1260,12,975299163,MAT0010,Matematikk 10. årstrinn,3.7,3.8,32,35,3.7,3.8,32.0,35.0,False,False,False,False,2019/2020,2019,2019,1,2019,0,-4.0,-4.0,Cohort 2019,3.2,3.3,5014,18.7,26.0,51527.0
Radøy ungdomsskole,2016,2016-17,Radøy ungdomsskule,Radøy ungdomsskule,Radøy ( - 2019),Hordaland ( - 2019),1260,12,975299163,MAT0010,Matematikk 10. årstrinn,3.7,3.9,31,38,3.7,3.9,31.0,38.0,False,False,False,False,2019/2020,2019,2019,1,2019,0,-3.0,-3.0,Cohort 2019,3.7,3.8,5077,19.3,27.0,53630.0
Radøy ungdomsskole,2017,2017-18,Radøy ungdomsskule,Radøy ungdomsskule,Radøy ( - 2019),Hordaland ( - 2019),1260,12,975299163,MAT0010,Matematikk 10. årstrinn,3.6,3.4,30,38,3.6,3.4,30.0,38.0,False,False,False,False,2019/2020,2019,2019,1,2019,0,-2.0,-2.0,Cohort 2019,3.7,3.9,5128,19.8,29.0,55812.0
Radøy ungdomsskole,2018,2018-19,Radøy ungdomsskule,Radøy ungdomsskule,Radøy ( - 2019),Hordaland ( - 2019),1260,12,975299163,MAT0010,Matematikk 10. årstrinn,3.7,4.1,26,26,3.7,4.1,26.0,26.0,False,False,False,False,2019/2020,2019,2019,1,2019,0,-1.0,-1.0,Cohort 2019,3.6,3.4,5129,20.099999999999998,30.0,57867.0
Radøy ungdomsskole,2019,2019-20,Radøy ungdomsskule,Radøy ungdomsskule,Radøy ( - 2019),Hordaland ( - 2019),1260,12,975299163,MAT0010,Matematikk 10. årstrinn,3.7,3.6,32,21,3.7,3.6,32.0,21.0,False,False,False,False,2019/2020,2019,2019,1,2019,1,0.0,0.0,Cohort 2019,3.7,4.1,5091,19.7,32.0,60031.0
Rennebu ungdomsskole,2007,2007-08,Rennebu barne- og ungdomsskole,Rennebu barne- og ungdomsskole,Rennebu ( - 2017),Sør-Trøndelag ( - 2017),1635,16,975282686,MAT0010,Matematikk 10. årstrinn,2.4,3.3,15,21,2.4,3.3,15.0,21.0,False,False,False,False,2018,2018,2018,1,2018,0,-11.0,-11.0,Cohort 2018,2.4,3.3,2635,14.600000000000001,5.0,
Rennebu ungdomsskole,2008,2008-09,Rennebu barne- og ungdomsskole,Rennebu barne- og ungdomsskole,Rennebu ( - 2017),Sør-Trøndelag ( - 2017),1635,16,975282686,MAT0010,Matematikk 10. årstrinn,3.3,3.2,17,17,3.3,3.2,17.0,17.0,False,False,False,False,2018,2018,2018,1,2018,0,-10.0,-10.0,Cohort 2018,3.3,3.2,2594,15.0,7.0,
Rennebu ungdomsskole,2009,2009-10,Rennebu barne- og ungdomsskole,Rennebu barne- og ungdomsskole,Rennebu ( - 2017),Sør-Trøndelag ( - 2017),1635,16,975282686,MAT0010,Matematikk 10. årstrinn,3.6,3.6,22,18,3.6,3.6,22.0,18.0,False,False,False,False,2018,2018,2018,1,2018,0,-9.0,-9.0,Cohort 2018,3.6,3.6,2621,15.6,6.0,
Rennebu ungdomsskole,2010,2010-11,Rennebu barne- og ungdomsskole,Rennebu barne- og ungdomsskole,Rennebu ( - 2017),Sør-Trøndelag ( - 2017),1635,16,975282686,MAT0010,Matematikk 10. årstrinn,3.8,3.2,18,10,3.8,3.2,18.0,10.0,False,False,False,False,2018,2018,2018,1,2018,0,-8.0,-8.0,Cohort 2018,3.8,3.2,2622,15.899999999999999,9.0,
Rennebu ungdomsskole,2011,2011-12,Rennebu barne- og ungdomsskole,Rennebu barne- og ungdomsskole,Rennebu ( - 2017),Sør-Trøndelag ( - 2017),1635,16,975282686,MAT0010,Matematikk 10. årstrinn,2.9,3.4,20,15,2.9,3.4,20.0,15.0,False,False,False,False,2018,2018,2018,1,2018,0,-7.0,-7.0,Cohort 2018,2.9,3.4,2629,15.7,12.0,
Rennebu ungdomsskole,2012,2012-13,Rennebu barne- og ungdomsskole,Rennebu barne- og ungdomsskole,Rennebu ( - 2017),Sør-Trøndelag ( - 2017),1635,16,975282686,MAT0010,Matematikk 10. årstrinn,3.4,3.5,19,10,3.4,3.5,19.0,10.0,False,False,False,False,2018,2018,2018,1,2018,0,-6.0,-6.0,Cohort 2018,3.4,3.5,2569,16.1,14.0,
Rennebu ungdomsskole,2013,2013-14,Rennebu barne- og ungdomsskole,Rennebu barne- og ungdomsskole,Rennebu ( - 2017),Sør-Trøndelag ( - 2017),1635,16,975282686,MAT0010,Matematikk 10. årstrinn,3.5,3.6,12,16,3.5,3.6,12.0,16.0,False,False,False,False,2018,2018,2018,1,2018,0,-5.0,-5.0,Cohort 2018,3.5,3.6,2534,16.5,17.0,
Rennebu ungdomsskole,2014,2014-15,Rennebu barne- og ungdomsskole,Rennebu barne- og ungdomsskole,Rennebu ( - 2017),Sør-Trøndelag ( - 2017),1635,16,975282686,MAT0010,Matematikk 10. årstrinn,2.9,3.5,28,15,2.9,3.5,28.0,15.0,False,False,False,False,2018,2018,2018,1,2018,0,-4.0,-4.0,Cohort 2018,2.9,3.5,2556,16.9,19.0,
Rennebu ungdomsskole,2015,2015-16,Rennebu barne- og ungdomsskole,Rennebu barne- og ungdomsskole,Rennebu ( - 2017),Sør-Trøndelag ( - 2017),1635,16,975282686,MAT0010,Matematikk 10. årstrinn,3,3.7,19,18,3.0,3.7,19.0,18.0,False,False,False,False,2018,2018,2018,1,2018,0,-3.0,-3.0,Cohort 2018,3.0,3.7,2567,17.3,21.0,58003.0
Rennebu ungdomsskole,2016,2016-17,Rennebu barne- og ungdomsskole,Rennebu barne- og ungdomsskole,Rennebu ( - 2017),Sør-Trøndelag ( - 2017),1635,16,975282686,MAT0010,Matematikk 10. årstrinn,3.2,3.8,17,12,3.2,3.8,17.0,12.0,False,False,False,False,2018,2018,2018,1,2018,0,-2.0,-2.0,Cohort 2018,3.2,3.8,2562,17.8,22.0,61672.0
Rennebu ungdomsskole,2017,2017-18,Rennebu barne- og ungdomsskole,Rennebu barne- og ungdomsskole,Rennebu ( - 2017),Sør-Trøndelag ( - 2017),1635,16,975282686,MAT0010,Matematikk 10. årstrinn,2.6,3.1,14,16,2.6,3.1,14.0,16.0,False,False,False,False,2018,2018,2018,1,2018,0,-1.0,-1.0,Cohort 2018,2.6,3.1,2556,17.9,22.0,63314.0
Rennebu ungdomsskole,2018,2018-19,Rennebu barne- og ungdomsskole,Rennebu barne- og ungdomsskole,Rennebu,Trøndelag - Trööndelage,5022,50,975282686,MAT0010,Matematikk 10. årstrinn,3.4,3.8,14,16,3.4,3.8,14.0,16.0,False,False,False,False,2018,2018,2018,1,2018,1,0.0,0.0,Cohort 2018,3.4,3.8,2541,18.3,23.0,65329.0
Rennebu ungdomsskole,2019,2019-20,Rennebu barne- og ungdomsskole,Rennebu barne- og ungdomsskole,Rennebu,Trøndelag - Trööndelage,5022,50,975282686,MAT0010,Matematikk 10. årstrinn,3.6,3.8,17,13,3.6,3.8,17.0,13.0,False,False,False,False,2018,2018,2018,1,2018,1,1.0,1.0,Cohort 2018,3.6,3.8,2501,18.4,25.0,67013.0
Rennebu ungdomsskole,2020,2020-21,Rennebu barne- og ungdomsskole,Rennebu barne- og ungdomsskole,Rennebu,Trøndelag - Trööndelage,5022,50,975282686,MAT0010,Matematikk 10. årstrinn,3.1,3.3,14,11,3.1,3.3,14.0,11.0,False,False,False,False,2018,2018,2018,1,2018,1,2.0,2.0,Cohort 2018,3.1,3.3,2486,18.8,26.0,70381.0
Rossfjord skole,2007,2007-08,Rossfjord barne- og ungdomsskole,Rossfjord barne- og ungdomsskole,Lenvik ( - 2019),Troms - Romsa ( - 2019),1931,19,975285359,MAT0010,Matematikk 10. årstrinn,3.3,3.4,6,7,3.3,3.4,6.0,7.0,False,False,False,False,2016,2016,2016,1,2016,0,-9.0,-9.0,Cohort 2016,3.8,3.9,11027,17.5,7.0,
Rossfjord skole,2008,2008-09,Rossfjord barne- og ungdomsskole,Rossfjord barne- og ungdomsskole,Lenvik ( - 2019),Troms - Romsa ( - 2019),1931,19,975285359,MAT0010,Matematikk 10. årstrinn,3.8,3.9,11,10,3.8,3.9,11.0,10.0,False,False,False,False,2016,2016,2016,1,2016,0,-8.0,-8.0,Cohort 2016,3.2,4.3,11160,18.1,10.0,
Rossfjord skole,2009,2009-10,Rossfjord barne- og ungdomsskole,Rossfjord barne- og ungdomsskole,Lenvik ( - 2019),Troms - Romsa ( - 2019),1931,19,975285359,MAT0010,Matematikk 10. årstrinn,3.2,4.3,6,8,3.2,4.3,6.0,8.0,False,False,False,False,2016,2016,2016,1,2016,0,-7.0,-7.0,Cohort 2016,4.1,3.6,11207,18.8,9.0,
Rossfjord skole,2010,2010-11,Rossfjord barne- og ungdomsskole,Rossfjord barne- og ungdomsskole,Lenvik ( - 2019),Troms - Romsa ( - 2019),1931,19,975285359,MAT0010,Matematikk 10. årstrinn,4.1,3.6,9,8,4.1,3.6,9.0,8.0,False,False,False,False,2016,2016,2016,1,2016,0,-6.0,-6.0,Cohort 2016,,,11243,19.1,12.0,
Rossfjord skole,2011,2011-12,Rossfjord barne- og ungdomsskole,Rossfjord barne- og ungdomsskole,Lenvik ( - 2019),Troms - Romsa ( - 2019),1931,19,975285359,MAT0010,Matematikk 10. årstrinn,*,*,*,*,,,,,True,True,True,True,2016,2016,2016,1,2016,0,-5.0,-5.0,Cohort 2016,,,11294,19.6,14.0,
Rossfjord skole,2012,2012-13,Rossfjord barne- og ungdomsskole,Rossfjord barne- og ungdomsskole,Lenvik ( - 2019),Troms - Romsa ( - 2019),1931,19,975285359,MAT0010,Matematikk 10. årstrinn,*,*,*,*,,,,,True,True,True,True,2016,2016,2016,1,2016,0,-4.0,-4.0,Cohort 2016,,,11345,20.200000000000003,17.0,
Rossfjord skole,2013,2013-14,Rossfjord barne- og ungdomsskole,Rossfjord barne- og ungdomsskole,Lenvik ( - 2019),Troms - Romsa ( - 2019),1931,19,975285359,MAT0010,Matematikk 10. årstrinn,*,*,*,*,,,,,True,True,True,True,2016,2016,2016,1,2016,0,-3.0,-3.0,Cohort 2016,,,11455,20.599999999999998,19.0,
Rossfjord skole,2014,2014-15,Rossfjord barne- og ungdomsskole,Rossfjord barne- og ungdomsskole,Lenvik ( - 2019),Troms - Romsa ( - 2019),1931,19,975285359,MAT0010,Matematikk 10. årstrinn,3.5,3.4,11,8,3.5,3.4,11.0,8.0,False,False,False,False,2016,2016,2016,1,2016,0,-2.0,-2.0,Cohort 2016,3.5,3.4,11557,21.3,22.0,
Rossfjord skole,2015,2015-16,Rossfjord barne- og ungdomsskole,Rossfjord barne- og ungdomsskole,Lenvik ( - 2019),Troms - Romsa ( - 2019),1931,19,975285359,MAT0010,Matematikk 10. årstrinn,*,*,*,*,,,,,True,True,True,True,2016,2016,2016,1,2016,0,-1.0,-1.0,Cohort 2016,,,11535,21.599999999999998,24.0,56322.0
Rossfjord skole,2016,2016-17,Rossfjord barne- og ungdomsskole,Rossfjord barne- og ungdomsskole,Lenvik ( - 2019),Troms - Romsa ( - 2019),1931,19,975285359,MAT0010,Matematikk 10. årstrinn,*,*,*,*,,,,,True,True,True,True,2016,2016,2016,1,2016,1,0.0,0.0,Cohort 2016,,,11618,22.4,25.0,58405.0
Rossfjord skole,2017,2017-18,Rossfjord barne- og ungdomsskole,Rossfjord barne- og ungdomsskole,Lenvik ( - 2019),Troms - Romsa ( - 2019),1931,19,975285359,MAT0010,Matematikk 10. årstrinn,*,*,*,*,,,,,True,True,True,True,2016,2016,2016,1,2016,1,1.0,1.0,Cohort 2016,,,11697,22.5,26.0,60380.0
Rossfjord skole,2018,2018-19,Rossfjord barne- og ungdomsskole,Rossfjord barne- og ungdomsskole,Lenvik ( - 2019),Troms - Romsa ( - 2019),1931,19,975285359,MAT0010,Matematikk 10. årstrinn,*,*,*,*,,,,,True,True,True,True,2016,2016,2016,1,2016,1,2.0,2.0,Cohort 2016,,,11644,23.099999999999998,28.0,61452.0
Rossfjord skole,2019,2019-20,Rossfjord barne- og ungdomsskole,Rossfjord barne- og ungdomsskole,Lenvik ( - 2019),Troms - Romsa ( - 2019),1931,19,975285359,MAT0010,Matematikk 10. årstrinn,*,*,*,*,,,,,True,True,True,True,2016,2016,2016,1,2016,1,3.0,3.0,Cohort 2016,,,11679,23.4,31.0,64545.0
Rossfjord skole,2020,2020-21,Rossfjord barne- og ungdomsskole,Rossfjord barne- og ungdomsskole,Senja (2020 - 2023),Troms og Finnmark - Romsa ja Finnmárku - Tromssa ja Finmarkku (2020 - 2023),5421,54,975285359,MAT0010,Matematikk 10. årstrinn,3.6,3.2,8,6,3.6,3.2,8.0,6.0,False,False,False,False,2016,2016,2016,1,2016,1,4.0,4.0,Cohort 2016,3.6,3.2,14851,23.0,30.0,73999.0
Senjahopen skole,2007,2007-08,Senjahopen skole,Senjahopen skole,Berg ( - 2019),Troms - Romsa ( - 2019),1929,19,974061651,MAT0010,Matematikk 10. årstrinn,*,*,*,*,,,,,True,True,True,True,2016,2016,2016,1,2016,0,-9.0,-9.0,Cohort 2016,,,962,13.0,8.0,
Senjahopen skole,2008,2008-09,Senjahopen skole,Senjahopen skole,Berg ( - 2019),Troms - Romsa ( - 2019),1929,19,974061651,MAT0010,Matematikk 10. årstrinn,*,*,*,*,,,,,True,True,True,True,2016,2016,2016,1,2016,0,-8.0,-8.0,Cohort 2016,,,937,13.9,10.0,
Senjahopen skole,2009,2009-10,Senjahopen skole,Senjahopen skole,Berg ( - 2019),Troms - Romsa ( - 2019),1929,19,974061651,MAT0010,Matematikk 10. årstrinn,3.4,4,7,8,3.4,4.0,7.0,8.0,False,False,False,False,2016,2016,2016,1,2016,0,-7.0,-7.0,Cohort 2016,3.4,4.0,942,13.5,9.0,
Senjahopen skole,2010,2010-11,Senjahopen skole,Senjahopen skole,Berg ( - 2019),Troms - Romsa ( - 2019),1929,19,974061651,MAT0010,Matematikk 10. årstrinn,*,*,*,*,,,,,True,True,True,True,2016,2016,2016,1,2016,0,-6.0,-6.0,Cohort 2016,,,926,13.700000000000001,12.0,
Senjahopen skole,2011,2011-12,Senjahopen skole,Senjahopen skole,Berg ( - 2019),Troms - Romsa ( - 2019),1929,19,974061651,MAT0010,Matematikk 10. årstrinn,*,,*,,,,,,True,False,True,False,2016,2016,2016,1,2016,0,-5.0,-5.0,Cohort 2016,,,907,13.5,15.0,
Senjahopen skole,2012,2012-13,Senjahopen skole,Senjahopen skole,Berg ( - 2019),Troms - Romsa ( - 2019),1929,19,974061651,MAT0010,Matematikk 10. årstrinn,*,*,*,*,,,,,True,True,True,True,2016,2016,2016,1,2016,0,-4.0,-4.0,Cohort 2016,,,887,13.399999999999999,15.0,
Senjahopen skole,2013,2013-14,Senjahopen skole,Senjahopen skole,Berg ( - 2019),Troms - Romsa ( - 2019),1929,19,974061651,MAT0010,Matematikk 10. årstrinn,*,*,*,*,,,,,True,True,True,True,2016,2016,2016,1,2016,0,-3.0,-3.0,Cohort 2016,,,924,13.8,20.0,
Senjahopen skole,2014,2014-15,Senjahopen skole,Senjahopen skole,Berg ( - 2019),Troms - Romsa ( - 2019),1929,19,974061651,MAT0010,Matematikk 10. årstrinn,*,*,*,*,,,,,True,True,True,True,2016,2016,2016,1,2016,0,-2.0,-2.0,Cohort 2016,,,918,15.6,17.0,
Senjahopen skole,2015,2015-16,Senjahopen skole,Senjahopen skole,Berg ( - 2019),Troms - Romsa ( - 2019),1929,19,974061651,MAT0010,Matematikk 10. årstrinn,*,*,*,*,,,,,True,True,True,True,2016,2016,2016,1,2016,0,-1.0,-1.0,Cohort 2016,,,905,15.7,20.0,70396.0
Senjahopen skole,2016,2016-17,Senjahopen skole,Senjahopen skole,Berg ( - 2019),Troms - Romsa ( - 2019),1929,19,974061651,MAT0010,Matematikk 10. årstrinn,*,*,*,*,,,,,True,True,True,True,2016,2016,2016,1,2016,1,0.0,0.0,Cohort 2016,,,915,17.0,21.0,74127.0
Skarpengland skole,2007,2007-08,Skarpengland skole,Skarpengland skole,Vennesla ( - 2019),Vest-Agder ( - 2019),1014,10,875267582,MAT0010,Matematikk 10. årstrinn,2.8,3.6,17,12,2.8,3.6,17.0,12.0,False,False,False,False,2017,2017,2017,1,2017,0,-10.0,-10.0,Cohort 2017,2.8,3.6,12555,14.100000000000001,8.0,
Skarpengland skole,2008,2008-09,Skarpengland skole,Skarpengland skole,Vennesla ( - 2019),Vest-Agder ( - 2019),1014,10,875267582,MAT0010,Matematikk 10. årstrinn,3.7,3.2,20,14,3.7,3.2,20.0,14.0,False,False,False,False,2017,2017,2017,1,2017,0,-9.0,-9.0,Cohort 2017,3.7,3.2,12776,14.6,11.0,
Skarpengland skole,2009,2009-10,Skarpengland skole,Skarpengland skole,Vennesla ( - 2019),Vest-Agder ( - 2019),1014,10,875267582,MAT0010,Matematikk 10. årstrinn,3.7,3.4,15,24,3.7,3.4,15.0,24.0,False,False,False,False,2017,2017,2017,1,2017,0,-8.0,-8.0,Cohort 2017,3.7,3.4,12886,14.8,11.0,
Skarpengland skole,2010,2010-11,Skarpengland skole,Skarpengland skole,Vennesla ( - 2019),Vest-Agder ( - 2019),1014,10,875267582,MAT0010,Matematikk 10. årstrinn,3.9,3.6,20,21,3.9,3.6,20.0,21.0,False,False,False,False,2017,2017,2017,1,2017,0,-7.0,-7.0,Cohort 2017,3.9,3.6,13116,15.5,12.0,
Skarpengland skole,2011,2011-12,Skarpengland skole,Skarpengland skole,Vennesla ( - 2019),Vest-Agder ( - 2019),1014,10,875267582,MAT0010,Matematikk 10. årstrinn,3.7,4.1,12,23,3.7,4.1,12.0,23.0,False,False,False,False,2017,2017,2017,1,2017,0,-6.0,-6.0,Cohort 2017,3.7,4.1,13334,16.1,14.0,
Skarpengland skole,2012,2012-13,Skarpengland skole,Skarpengland skole,Vennesla ( - 2019),Vest-Agder ( - 2019),1014,10,875267582,MAT0010,Matematikk 10. årstrinn,2.8,3.7,13,21,2.8,3.7,13.0,21.0,False,False,False,False,2017,2017,2017,1,2017,0,-5.0,-5.0,Cohort 2017,2.8,3.7,13583,16.5,16.0,
Skarpengland skole,2013,2013-14,Skarpengland skole,Skarpengland skole,Vennesla ( - 2019),Vest-Agder ( - 2019),1014,10,875267582,MAT0010,Matematikk 10. årstrinn,3.1,3.2,22,26,3.1,3.2,22.0,26.0,False,False,False,False,2017,2017,2017,1,2017,0,-4.0,-4.0,Cohort 2017,3.1,3.2,13756,17.2,18.0,
Skarpengland skole,2014,2014-15,Skarpengland skole,Skarpengland skole,Vennesla ( - 2019),Vest-Agder ( - 2019),1014,10,875267582,MAT0010,Matematikk 10. årstrinn,3.7,3.3,15,20,3.7,3.3,15.0,20.0,False,False,False,False,2017,2017,2017,1,2017,0,-3.0,-3.0,Cohort 2017,3.7,3.3,13986,18.1,20.0,
Skarpengland skole,2015,2015-16,Skarpengland skole,Skarpengland skole,Vennesla ( - 2019),Vest-Agder ( - 2019),1014,10,875267582,MAT0010,Matematikk 10. årstrinn,3.6,3.2,13,11,3.6,3.2,13.0,11.0,False,False,False,False,2017,2017,2017,1,2017,0,-2.0,-2.0,Cohort 2017,3.6,3.2,14095,19.0,21.0,48423.0
Skarpengland skole,2016,2016-17,Skarpengland skole,Skarpengland skole,Vennesla ( - 2019),Vest-Agder ( - 2019),1014,10,875267582,MAT0010,Matematikk 10. årstrinn,3.1,3.1,16,14,3.1,3.1,16.0,14.0,False,False,False,False,2017,2017,2017,1,2017,0,-1.0,-1.0,Cohort 2017,3.1,3.1,14308,19.400000000000002,22.0,50600.0
Skarpengland skole,2017,2017-18,Skarpengland skole,Skarpengland skole,Vennesla ( - 2019),Vest-Agder ( - 2019),1014,10,875267582,MAT0010,Matematikk 10. årstrinn,3,2.8,22,12,3.0,2.8,22.0,12.0,False,False,False,False,2017,2017,2017,1,2017,1,0.0,0.0,Cohort 2017,3.0,2.8,14425,19.8,24.0,52329.0
Skarpengland skole,2018,2018-19,Skarpengland skole,Skarpengland skole,Vennesla ( - 2019),Vest-Agder ( - 2019),1014,10,875267582,MAT0010,Matematikk 10. årstrinn,3.3,3.2,23,20,3.3,3.2,23.0,20.0,False,False,False,False,2017,2017,2017,1,2017,1,1.0,1.0,Cohort 2017,3.3,3.2,14532,20.3,26.0,54012.0
Skarpengland skole,2019,2019-20,Skarpengland skole,Skarpengland skole,Vennesla ( - 2019),Vest-Agder ( - 2019),1014,10,875267582,MAT0010,Matematikk 10. årstrinn,3.5,3.1,14,23,3.5,3.1,14.0,23.0,False,False,False,False,2017,2017,2017,1,2017,1,2.0,2.0,Cohort 2017,3.5,3.1,14630,20.799999999999997,29.0,56112.0
Skarpengland skole,2020,2020-21,Skarpengland skole,Skarpengland skole,Vennesla,Agder,4223,42,875267582,MAT0010,Matematikk 10. årstrinn,3.8,3.8,15,20,3.8,3.8,15.0,20.0,False,False,False,False,2017,2017,2017,1,2017,1,3.0,3.0,Cohort 2017,,3.8,14774,21.200000000000003,29.0,57401.0
Skarpengland skole,2021,2021-22,Skarpengland skole,Skarpengland skole,Vennesla,Agder,4223,42,875267582,MAT0010,Matematikk 10. årstrinn,,,,,,,,,False,False,False,False,2017,2017,2017,1,2017,1,4.0,4.0,Cohort 2017,,3.8,14935,21.6,32.0,62395.0
Vegårshei skule,2007,2007-08,Vegårshei skule,Vegårshei skule,Vegårshei ( - 2019),Aust-Agder ( - 2019),912,9,975289850,MAT0010,Matematikk 10. årstrinn,3.5,4,12,11,3.5,4.0,12.0,11.0,False,False,False,False,2018,2018,2018,1,2018,0,-11.0,-11.0,Cohort 2018,3.5,4.0,1864,17.5,7.0,
Vegårshei skule,2008,2008-09,Vegårshei skule,Vegårshei skule,Vegårshei ( - 2019),Aust-Agder ( - 2019),912,9,975289850,MAT0010,Matematikk 10. årstrinn,3.6,4,14,11,3.6,4.0,14.0,11.0,False,False,False,False,2018,2018,2018,1,2018,0,-10.0,-10.0,Cohort 2018,3.6,4.0,1884,18.6,11.0,
Vegårshei skule,2009,2009-10,Vegårshei skule,Vegårshei skule,Vegårshei ( - 2019),Aust-Agder ( - 2019),912,9,975289850,MAT0010,Matematikk 10. årstrinn,4.1,4,19,11,4.1,4.0,19.0,11.0,False,False,False,False,2018,2018,2018,1,2018,0,-9.0,-9.0,Cohort 2018,4.1,4.0,1881,19.9,12.0,
Vegårshei skule,2010,2010-11,Vegårshei skule,Vegårshei skule,Vegårshei ( - 2019),Aust-Agder ( - 2019),912,9,975289850,MAT0010,Matematikk 10. årstrinn,3,3.8,14,10,3.0,3.8,14.0,10.0,False,False,False,False,2018,2018,2018,1,2018,0,-8.0,-8.0,Cohort 2018,3.0,3.8,1886,20.6,11.0,
Vegårshei skule,2011,2011-12,Vegårshei skule,Vegårshei skule,Vegårshei ( - 2019),Aust-Agder ( - 2019),912,9,975289850,MAT0010,Matematikk 10. årstrinn,4.1,3.6,15,14,4.1,3.6,15.0,14.0,False,False,False,False,2018,2018,2018,1,2018,0,-7.0,-7.0,Cohort 2018,4.1,3.6,1922,20.2,14.0,
Vegårshei skule,2012,2012-13,Vegårshei skule,Vegårshei skule,Vegårshei ( - 2019),Aust-Agder ( - 2019),912,9,975289850,MAT0010,Matematikk 10. årstrinn,3.2,3.9,13,17,3.2,3.9,13.0,17.0,False,False,False,False,2018,2018,2018,1,2018,0,-6.0,-6.0,Cohort 2018,3.2,3.9,1933,21.1,15.0,
Vegårshei skule,2013,2013-14,Vegårshei skule,Vegårshei skule,Vegårshei ( - 2019),Aust-Agder ( - 2019),912,9,975289850,MAT0010,Matematikk 10. årstrinn,3.4,4.2,13,15,3.4,4.2,13.0,15.0,False,False,False,False,2018,2018,2018,1,2018,0,-5.0,-5.0,Cohort 2018,3.4,4.2,1986,21.0,18.0,
Vegårshei skule,2014,2014-15,Vegårshei skule,Vegårshei skule,Vegårshei ( - 2019),Aust-Agder ( - 2019),912,9,975289850,MAT0010,Matematikk 10. årstrinn,2.8,3.8,10,16,2.8,3.8,10.0,16.0,False,False,False,False,2018,2018,2018,1,2018,0,-4.0,-4.0,Cohort 2018,2.8,3.8,2000,22.0,18.0,
Vegårshei skule,2015,2015-16,Vegårshei skule,Vegårshei skule,Vegårshei ( - 2019),Aust-Agder ( - 2019),912,9,975289850,MAT0010,Matematikk 10. årstrinn,3.5,4.6,11,9,3.5,4.6,11.0,9.0,False,False,False,False,2018,2018,2018,1,2018,0,-3.0,-3.0,Cohort 2018,3.5,4.6,2018,23.1,19.0,62455.0
Vegårshei skule,2016,2016-17,Vegårshei skule,Vegårshei skule,Vegårshei ( - 2019),Aust-Agder ( - 2019),912,9,975289850,MAT0010,Matematikk 10. årstrinn,3.4,3.2,16,14,3.4,3.2,16.0,14.0,False,False,False,False,2018,2018,2018,1,2018,0,-2.0,-2.0,Cohort 2018,3.4,3.2,2036,23.6,19.0,62778.0
Vegårshei skule,2017,2017-18,Vegårshei skule,Vegårshei skule,Vegårshei ( - 2019),Aust-Agder ( - 2019),912,9,975289850,MAT0010,Matematikk 10. årstrinn,3.5,3,12,13,3.5,3.0,12.0,13.0,False,False,False,False,2018,2018,2018,1,2018,0,-1.0,-1.0,Cohort 2018,3.5,3.0,2104,23.6,23.0,65403.0
Vegårshei skule,2018,2018-19,Vegårshei skule,Vegårshei skule,Vegårshei ( - 2019),Aust-Agder ( - 2019),912,9,975289850,MAT0010,Matematikk 10. årstrinn,3.9,3.3,16,12,3.9,3.3,16.0,12.0,False,False,False,False,2018,2018,2018,1,2018,1,0.0,0.0,Cohort 2018,3.9,3.3,2087,24.1,26.0,66213.0
Vegårshei skule,2019,2019-20,Vegårshei skule,Vegårshei skule,Vegårshei ( - 2019),Aust-Agder ( - 2019),912,9,975289850,MAT0010,Matematikk 10. årstrinn,3,3.1,12,17,3.0,3.1,12.0,17.0,False,False,False,False,2018,2018,2018,1,2018,1,1.0,1.0,Cohort 2018,3.0,3.1,2093,25.2,28.0,68380.0
Vegårshei skule,2020,2020-21,Vegårshei skule,Vegårshei skule,Vegårshei,Agder,4212,42,975289850,MAT0010,Matematikk 10. årstrinn,3.3,3.4,9,14,3.3,3.4,9.0,14.0,False,False,False,False,2018,2018,2018,1,2018,1,2.0,2.0,Cohort 2018,3.3,3.4,2097,25.2,31.0,69353.0
Vennesla ungdomsskole,2007,2007-08,Vennesla ungdomsskole,Vennesla ungdomsskole,Vennesla ( - 2019),Vest-Agder ( - 2019),1014,10,873844302,MAT0010,Matematikk 10. årstrinn,3.5,3.5,84,58,3.5,3.5,84.0,58.0,False,False,False,False,2017,2017,2017,1,2017,0,-10.0,-10.0,Cohort 2017,3.5,3.5,12555,14.100000000000001,8.0,
Vennesla ungdomsskole,2008,2008-09,Vennesla ungdomsskole,Vennesla ungdomsskole,Vennesla ( - 2019),Vest-Agder ( - 2019),1014,10,873844302,MAT0010,Matematikk 10. årstrinn,3.2,3.7,73,73,3.2,3.7,73.0,73.0,False,False,False,False,2017,2017,2017,1,2017,0,-9.0,-9.0,Cohort 2017,3.2,3.7,12776,14.6,11.0,
Vennesla ungdomsskole,2009,2009-10,Vennesla ungdomsskole,Vennesla ungdomsskole,Vennesla ( - 2019),Vest-Agder ( - 2019),1014,10,873844302,MAT0010,Matematikk 10. årstrinn,3.4,3.3,72,72,3.4,3.3,72.0,72.0,False,False,False,False,2017,2017,2017,1,2017,0,-8.0,-8.0,Cohort 2017,3.4,3.3,12886,14.8,11.0,
Vennesla ungdomsskole,2010,2010-11,Vennesla ungdomsskole,Vennesla ungdomsskole,Vennesla ( - 2019),Vest-Agder ( - 2019),1014,10,873844302,MAT0010,Matematikk 10. årstrinn,3.4,3.6,76,74,3.4,3.6,76.0,74.0,False,False,False,False,2017,2017,2017,1,2017,0,-7.0,-7.0,Cohort 2017,3.4,3.6,13116,15.5,12.0,
Vennesla ungdomsskole,2011,2011-12,Vennesla ungdomsskole,Vennesla ungdomsskole,Vennesla ( - 2019),Vest-Agder ( - 2019),1014,10,873844302,MAT0010,Matematikk 10. årstrinn,3.2,3.7,82,70,3.2,3.7,82.0,70.0,False,False,False,False,2017,2017,2017,1,2017,0,-6.0,-6.0,Cohort 2017,3.2,3.7,13334,16.1,14.0,
Vennesla ungdomsskole,2012,2012-13,Vennesla ungdomsskole,Vennesla ungdomsskole,Vennesla ( - 2019),Vest-Agder ( - 2019),1014,10,873844302,MAT0010,Matematikk 10. årstrinn,2.9,3.3,79,67,2.9,3.3,79.0,67.0,False,False,False,False,2017,2017,2017,1,2017,0,-5.0,-5.0,Cohort 2017,2.9,3.3,13583,16.5,16.0,
Vennesla ungdomsskole,2013,2013-14,Vennesla ungdomsskole,Vennesla ungdomsskole,Vennesla ( - 2019),Vest-Agder ( - 2019),1014,10,873844302,MAT0010,Matematikk 10. årstrinn,3.4,3.6,80,76,3.4,3.6,80.0,76.0,False,False,False,False,2017,2017,2017,1,2017,0,-4.0,-4.0,Cohort 2017,3.4,3.6,13756,17.2,18.0,
Vennesla ungdomsskole,2014,2014-15,Vennesla ungdomsskole,Vennesla ungdomsskole,Vennesla ( - 2019),Vest-Agder ( - 2019),1014,10,873844302,MAT0010,Matematikk 10. årstrinn,3,3.4,76,79,3.0,3.4,76.0,79.0,False,False,False,False,2017,2017,2017,1,2017,0,-3.0,-3.0,Cohort 2017,3.0,3.4,13986,18.1,20.0,
Vennesla ungdomsskole,2015,2015-16,Vennesla ungdomsskole,Vennesla ungdomsskole,Vennesla ( - 2019),Vest-Agder ( - 2019),1014,10,873844302,MAT0010,Matematikk 10. årstrinn,3.4,3.5,74,70,3.4,3.5,74.0,70.0,False,False,False,False,2017,2017,2017,1,2017,0,-2.0,-2.0,Cohort 2017,3.4,3.5,14095,19.0,21.0,48423.0
Vennesla ungdomsskole,2016,2016-17,Vennesla ungdomsskole,Vennesla ungdomsskole,Vennesla ( - 2019),Vest-Agder ( - 2019),1014,10,873844302,MAT0010,Matematikk 10. årstrinn,3.3,3.3,78,63,3.3,3.3,78.0,63.0,False,False,False,False,2017,2017,2017,1,2017,0,-1.0,-1.0,Cohort 2017,3.3,3.3,14308,19.400000000000002,22.0,50600.0
Vennesla ungdomsskole,2017,2017-18,Vennesla ungdomsskole,Vennesla ungdomsskole,Vennesla ( - 2019),Vest-Agder ( - 2019),1014,10,873844302,MAT0010,Matematikk 10. årstrinn,3.3,3.3,58,68,3.3,3.3,58.0,68.0,False,False,False,False,2017,2017,2017,1,2017,1,0.0,0.0,Cohort 2017,3.3,3.3,14425,19.8,24.0,52329.0
Vennesla ungdomsskole,2018,2018-19,Vennesla ungdomsskole,Vennesla ungdomsskole,Vennesla ( - 2019),Vest-Agder ( - 2019),1014,10,873844302,MAT0010,Matematikk 10. årstrinn,2.9,3.6,54,64,2.9,3.6,54.0,64.0,False,False,False,False,2017,2017,2017,1,2017,1,1.0,1.0,Cohort 2017,2.9,3.6,14532,20.3,26.0,54012.0
Vennesla ungdomsskole,2019,2019-20,Vennesla ungdomsskole,Vennesla ungdomsskole,Vennesla ( - 2019),Vest-Agder ( - 2019),1014,10,873844302,MAT0010,Matematikk 10. årstrinn,3.4,3.7,67,48,3.4,3.7,67.0,48.0,False,False,False,False,2017,2017,2017,1,2017,1,2.0,2.0,Cohort 2017,3.4,3.7,14630,20.799999999999997,29.0,56112.0
Vennesla ungdomsskole,2020,2020-21,Vennesla ungdomsskole,Vennesla ungdomsskole,Vennesla,Agder,4223,42,873844302,MAT0010,Matematikk 10. årstrinn,3.3,3.4,75,89,3.3,3.4,75.0,89.0,False,False,False,False,2017,2017,2017,1,2017,1,3.0,3.0,Cohort 2017,3.3,3.4,14774,21.200000000000003,29.0,57401.0
Åmli skule,2007,2007-08,Åmli skule,Åmli skule,Åmli ( - 2019),Aust-Agder ( - 2019),929,9,975283291,MAT0010,Matematikk 10. årstrinn,3.1,2.5,10,8,3.1,2.5,10.0,8.0,False,False,False,False,2017,2017,2017,1,2017,0,-10.0,-10.0,Cohort 2017,3.1,2.5,1815,18.0,6.0,
Åmli skule,2008,2008-09,Åmli skule,Åmli skule,Åmli ( - 2019),Aust-Agder ( - 2019),929,9,975283291,MAT0010,Matematikk 10. årstrinn,2.5,2.7,12,14,2.5,2.7,12.0,14.0,False,False,False,False,2017,2017,2017,1,2017,0,-9.0,-9.0,Cohort 2017,2.5,2.7,1836,18.7,7.0,
Åmli skule,2009,2009-10,Åmli skule,Åmli skule,Åmli ( - 2019),Aust-Agder ( - 2019),929,9,975283291,MAT0010,Matematikk 10. årstrinn,2.9,3.5,17,10,2.9,3.5,17.0,10.0,False,False,False,False,2017,2017,2017,1,2017,0,-8.0,-8.0,Cohort 2017,2.9,3.5,1855,19.400000000000002,9.0,
Åmli skule,2010,2010-11,Åmli skule,Åmli skule,Åmli ( - 2019),Aust-Agder ( - 2019),929,9,975283291,MAT0010,Matematikk 10. årstrinn,2.9,3.1,8,14,2.9,3.1,8.0,14.0,False,False,False,False,2017,2017,2017,1,2017,0,-7.0,-7.0,Cohort 2017,2.9,3.1,1861,19.1,10.0,
Åmli skule,2011,2011-12,Åmli skule,Åmli skule,Åmli ( - 2019),Aust-Agder ( - 2019),929,9,975283291,MAT0010,Matematikk 10. årstrinn,3,3.1,18,10,3.0,3.1,18.0,10.0,False,False,False,False,2017,2017,2017,1,2017,0,-6.0,-6.0,Cohort 2017,3.0,3.1,1829,19.400000000000002,12.0,
Åmli skule,2012,2012-13,Åmli skule,Åmli skule,Åmli ( - 2019),Aust-Agder ( - 2019),929,9,975283291,MAT0010,Matematikk 10. årstrinn,2.8,3.8,22,12,2.8,3.8,22.0,12.0,False,False,False,False,2017,2017,2017,1,2017,0,-5.0,-5.0,Cohort 2017,2.8,3.8,1825,20.1,12.0,
Åmli skule,2013,2013-14,Åmli skule,Åmli skule,Åmli ( - 2019),Aust-Agder ( - 2019),929,9,975283291,MAT0010,Matematikk 10. årstrinn,2.8,3.8,12,11,2.8,3.8,12.0,11.0,False,False,False,False,2017,2017,2017,1,2017,0,-4.0,-4.0,Cohort 2017,3.3,3.8,1815,19.9,13.0,
Åmli skule,2014,2014-15,Åmli skule,Åmli skule,Åmli ( - 2019),Aust-Agder ( - 2019),929,9,975283291,MAT0010,Matematikk 10. årstrinn,3.3,3.8,15,13,3.3,3.8,15.0,13.0,False,False,False,False,2017,2017,2017,1,2017,0,-3.0,-3.0,Cohort 2017,3.4,2.8,1810,20.2,16.0,
Åmli skule,2015,2015-16,Åmli skule,Åmli skule,Åmli ( - 2019),Aust-Agder ( - 2019),929,9,975283291,MAT0010,Matematikk 10. årstrinn,3.4,2.8,14,13,3.4,2.8,14.0,13.0,False,False,False,False,2017,2017,2017,1,2017,0,-2.0,-2.0,Cohort 2017,2.5,3.6,1832,21.0,17.0,66450.0
Åmli skule,2016,2016-17,Åmli skule,Åmli skule,Åmli ( - 2019),Aust-Agder ( - 2019),929,9,975283291,MAT0010,Matematikk 10. årstrinn,2.5,3.6,8,12,2.5,3.6,8.0,12.0,False,False,False,False,2017,2017,2017,1,2017,0,-1.0,-1.0,Cohort 2017,3.0,3.2,1847,21.0,18.0,69019.0
Åmli skule,2017,2017-18,Åmli skule,Åmli skule,Åmli ( - 2019),Aust-Agder ( - 2019),929,9,975283291,MAT0010,Matematikk 10. årstrinn,3,3.2,12,11,3.0,3.2,12.0,11.0,False,False,False,False,2017,2017,2017,1,2017,1,0.0,0.0,Cohort 2017,2.8,3.6,1856,22.0,21.0,72941.0
Åmli skule,2018,2018-19,Åmli skule,Åmli skule,Åmli ( - 2019),Aust-Agder ( - 2019),929,9,975283291,MAT0010,Matematikk 10. årstrinn,2.8,3.6,10,7,2.8,3.6,10.0,7.0,False,False,False,False,2017,2017,2017,1,2017,1,1.0,1.0,Cohort 2017,4.1,3.6,1845,21.8,24.0,74954.0
Åmli skule,2019,2019-20,Åmli skule,Åmli skule,Åmli ( - 2019),Aust-Agder ( - 2019),929,9,975283291,MAT0010,Matematikk 10. årstrinn,4.1,3.6,11,9,4.1,3.6,11.0,9.0,False,False,False,False,2017,2017,2017,1,2017,1,2.0,2.0,Cohort 2017,3.0,3.4,1848,22.099999999999998,25.0,77991.0
